trip_id,cost_usd,distance_km,tread_depth_mm,has_cracks,pressure_start_psi,pressure_end_psi
1,262.19,275.7,13.06,False,114.4,118.8
2,262.83,347.2,14.38,False,104.3,108.0
3,200.88,250.5,15.16,False,112.1,113.9
4,217.76,231.1,8.96,True,94.2,97.6
5,338.19,370.1,8.83,False,98.4,100.9
6,192.82,242.1,9.31,False,113.4,114.3
7,312.57,300.4,17.49,False,107.5,108.3
8,256.38,285.2,16.83,False,104.9,108.0
9,314.79,369.9,11.78,False,109.7,115.5
10,210.29,210.1,6.19,False,107.6,108.2
11,390.73,436.2,16.36,False,104.1,110.8
12,198.9,182.1,4.32,False,100.2,99.9
13,245.74,310.7,3.26,True,98.2,100.7
14,224.82,291.9,8.34,False,114.4,117.7
15,168.96,173.2,12.81,False,107.5,110.2
16,310.9,324.3,2.37,True,115.8,121.7
17,175.06,218.8,6.66,True,107.4,109.5
18,119.8,142.7,14.44,False,112.1,113.3
19,325.54,345.9,12.38,True,109.2,109.9
20,112.99,114.0,2.89,True,110.3,110.3
21,132.04,157.7,4.83,True,110.6,112.6
22,268.42,248.9,13.47,False,107.3,110.2
23,304.74,368.6,3.42,False,102.6,105.0
24,357.86,334.9,1.66,True,114.6,116.1
25,254.61,273.4,17.88,False,119.6,121.0
26,107.51,94.0,11.63,False,120.0,120.8
27,179.99,177.6,8.58,False,106.7,107.3
28,123.97,199.4,11.35,False,105.6,109.2
29,122.79,139.0,12.56,False,106.7,107.9
30,85.75,80.4,9.68,True,108.9,108.9
31,253.94,255.3,12.36,False,109.7,110.7
32,246.48,340.4,13.19,False,104.0,105.0
33,186.89,190.9,4.46,False,101.1,102.3
34,286.37,366.2,8.49,False,110.3,112.4
35,124.99,106.3,6.53,True,88.8,90.2
36,140.58,134.4,14.66,False,109.4,111.0
37,266.25,252.5,14.2,True,104.3,105.5
38,206.77,182.2,14.87,False,114.7,116.0
39,305.58,325.9,8.72,False,116.3,119.1
40,309.35,298.7,10.99,True,116.4,120.1
41,172.56,189.3,13.14,True,107.9,107.6
42,154.11,112.1,6.81,False,103.2,103.3
43,157.43,177.7,17.63,False,105.1,106.0
44,261.09,302.5,7.75,False,111.7,116.8
45,353.15,332.6,10.36,False,100.1,103.4
46,189.76,182.7,15.14,True,118.4,121.0
47,92.35,80.1,13.83,True,108.0,108.1
48,124.71,103.0,9.78,False,113.0,112.6
49,197.23,289.9,8.24,True,99.3,101.1
50,221.77,187.6,12.01,True,104.4,106.1
51,181.37,190.1,8.69,True,98.6,101.0
52,157.32,133.1,11.27,False,116.1,116.5
53,103.29,131.7,14.7,False,109.0,108.9
54,345.62,363.0,3.51,False,113.4,114.7
55,259.24,295.3,13.01,False,110.4,114.1
56,184.37,164.7,2.39,False,112.8,114.0
57,239.69,242.9,13.61,False,108.0,109.2
58,260.1,265.2,4.95,False,108.8,113.1
59,397.23,518.5,9.64,False,109.4,113.8
60,138.25,125.6,5.91,False,112.4,111.7
61,246.65,263.4,6.81,True,112.6,114.2
62,344.81,362.1,11.87,False,126.9,131.3
63,487.34,487.3,8.61,True,120.1,126.0
64,159.91,160.2,9.54,False,99.3,100.9
65,156.05,186.4,17.98,False,109.1,109.8
66,307.44,327.5,3.51,False,107.6,110.0
67,135.88,93.1,7.84,False,117.7,118.5
68,314.29,277.0,10.25,False,108.1,110.1
69,335.18,614.9,14.93,False,112.8,120.0
70,279.45,292.2,6.16,False,96.0,98.2
71,81.56,58.4,8.0,True,100.9,100.9
72,149.81,143.8,15.05,False,122.6,123.4
73,146.23,162.9,10.25,False,110.3,110.4
74,355.93,405.1,15.63,True,104.0,108.9
75,221.13,213.3,2.56,True,111.5,113.7
76,85.55,80.8,6.24,False,103.7,104.6
77,241.16,226.4,10.7,True,108.3,108.4
78,235.19,250.8,3.51,True,101.3,102.4
79,155.75,174.5,9.45,False,105.3,105.6
80,155.92,130.5,1.79,True,107.5,108.3
81,462.71,649.7,9.83,False,116.7,126.4
82,312.94,362.7,16.69,False,112.8,114.4
83,321.31,379.6,17.15,False,113.8,116.1
84,264.78,213.5,6.77,True,109.8,111.7
85,145.84,158.7,1.56,True,114.9,116.1
86,131.71,179.2,16.55,False,104.8,108.0
87,111.75,106.1,10.86,False,105.6,106.7
88,489.14,513.3,11.08,False,112.4,117.7
89,232.81,218.2,14.95,False,108.3,109.3
90,539.17,453.5,7.99,True,109.9,114.8
91,216.03,184.0,8.43,False,109.0,110.4
92,288.05,294.4,15.55,False,117.5,120.1
93,228.49,258.2,9.61,True,117.8,118.4
94,132.9,99.9,13.64,False,106.2,106.7
95,463.45,547.0,16.43,False,99.4,103.3
96,171.82,187.1,7.99,True,105.7,106.8
97,122.46,118.9,16.17,False,104.6,105.6
98,258.21,328.9,6.9,False,115.0,120.4
99,217.28,232.7,16.84,False,115.5,116.8
100,247.16,280.5,6.54,False,103.8,108.3
101,262.68,245.4,5.36,False,105.5,107.3
102,83.98,61.9,13.39,True,101.1,100.4
103,126.24,141.0,16.71,False,110.8,112.1
104,118.64,137.9,14.17,True,109.7,109.9
105,353.55,376.8,13.71,False,114.7,121.6
106,228.89,237.4,17.55,False,113.0,116.3
107,266.43,303.7,10.7,False,113.7,115.1
108,181.63,193.3,16.15,False,100.7,101.3
109,307.99,311.6,2.11,False,106.2,108.0
110,245.54,213.8,3.68,True,115.7,119.0
111,184.85,205.4,5.98,False,106.8,106.9
112,250.3,257.2,17.11,False,100.2,104.2
113,256.69,245.4,4.75,True,114.8,117.0
114,604.53,760.2,7.82,True,106.5,116.8
115,153.2,140.2,2.09,False,116.4,116.0
116,104.0,93.6,2.79,True,109.9,110.1
117,224.57,277.3,11.11,False,108.3,111.4
118,152.34,151.6,3.11,True,118.2,118.3
119,74.2,57.8,16.34,False,102.2,102.6
120,134.08,122.5,16.12,False,118.6,118.8
121,507.53,672.2,11.77,False,106.2,114.6
122,150.75,138.1,8.04,False,111.0,113.0
123,101.91,76.2,16.15,False,111.0,110.6
124,745.29,649.9,9.55,False,107.4,119.3
125,153.39,119.7,4.65,True,105.4,105.1
126,650.24,882.4,7.2,True,107.8,122.4
127,196.35,188.8,7.49,False,103.9,106.1
128,462.85,548.2,11.07,False,121.8,128.7
129,200.16,202.9,8.12,True,107.1,110.5
130,249.19,295.3,15.0,False,117.0,119.3
131,175.09,216.3,11.84,False,116.2,118.3
132,187.22,203.7,5.66,False,112.2,112.1
133,277.59,265.1,8.13,False,109.2,110.3
134,293.96,301.1,13.43,False,111.2,113.8
135,252.63,254.3,5.5,False,113.4,117.0
136,236.69,240.4,3.01,False,110.6,113.8
137,170.61,152.3,13.23,False,100.6,102.3
138,229.57,220.9,8.21,False,99.1,101.6
139,446.87,512.0,3.55,False,119.1,126.4
140,160.62,148.4,9.41,True,94.2,96.6
141,308.79,269.3,10.75,False,111.2,112.1
142,392.42,429.8,1.92,False,108.6,113.1
143,292.43,302.4,14.55,True,111.0,113.5
144,352.43,378.9,9.61,False,103.2,109.4
145,127.26,118.7,1.92,False,112.1,112.9
146,236.34,269.7,15.72,False,111.2,115.1
147,199.68,197.4,11.16,False,126.6,129.8
148,179.04,202.1,17.39,False,110.8,112.0
149,432.51,489.1,6.14,False,118.1,125.5
150,175.73,203.9,8.31,True,101.0,103.1
151,257.41,274.4,12.44,True,116.1,118.8
152,93.69,76.3,16.58,False,111.4,112.1
153,465.32,547.9,14.55,False,111.6,121.8
154,242.88,367.3,12.11,False,111.7,117.6
155,236.47,225.4,14.63,False,120.2,122.5
156,193.23,192.6,3.06,False,111.5,112.1
157,252.69,318.9,13.45,False,105.3,108.3
158,430.41,427.1,11.05,False,106.3,113.5
159,397.11,551.9,6.03,True,114.9,124.7
160,380.55,360.8,5.44,False,112.7,119.0
161,228.54,242.1,6.26,False,100.8,103.9
162,248.98,390.5,3.53,False,113.1,118.9
163,331.89,352.7,6.01,True,103.5,105.6
164,232.26,242.7,2.68,False,112.6,115.2
165,293.13,347.2,12.6,True,105.2,107.8
166,287.93,343.8,9.95,True,108.3,114.3
167,216.47,224.7,3.61,True,106.7,106.4
168,156.77,172.5,13.0,False,119.1,121.8
169,222.69,327.9,4.44,False,112.4,115.3
170,148.73,126.4,9.67,False,117.6,118.2
171,119.56,110.6,16.68,False,127.4,127.6
172,234.18,276.7,14.06,False,110.3,114.4
173,254.8,323.2,11.14,True,119.0,123.0
174,289.3,275.6,11.15,False,105.8,109.0
175,223.74,292.1,2.56,True,117.5,121.0
176,301.87,320.2,8.55,False,105.2,106.9
177,399.69,490.1,6.57,True,109.9,117.4
178,313.13,364.1,9.33,True,113.2,120.3
179,283.25,358.3,17.2,False,114.2,120.0
180,234.66,265.2,14.48,False,102.4,102.9
181,249.57,270.6,11.56,False,104.8,109.1
182,212.51,214.6,13.13,False,113.7,114.8
183,235.8,287.4,13.55,False,107.8,112.5
184,126.81,122.8,9.03,False,101.6,102.3
185,502.39,491.3,15.79,True,109.6,112.2
186,116.35,142.9,11.69,False,109.3,110.4
187,327.04,363.7,13.68,False,111.1,115.6
188,358.87,458.3,1.68,True,113.2,119.6
189,279.86,363.3,10.38,False,112.8,117.5
190,639.68,704.8,7.51,False,105.4,111.7
191,78.57,64.0,2.41,True,107.5,107.5
192,143.78,179.0,12.16,False,115.6,117.2
193,484.81,454.2,16.82,False,106.7,109.6
194,128.85,108.0,13.59,False,107.6,108.6
195,112.28,145.5,2.82,False,101.0,101.8
196,234.38,309.4,2.44,False,109.8,113.0
197,241.86,240.5,7.19,False,112.1,114.6
198,273.3,299.2,5.44,True,98.1,101.7
199,280.98,251.9,1.95,False,103.6,104.8
200,267.64,264.7,2.16,False,101.5,104.0
201,158.82,153.9,7.19,False,114.7,115.6
202,217.64,260.1,3.7,False,98.5,102.5
203,196.7,185.9,4.71,True,109.5,109.7
204,151.62,200.5,15.85,False,114.3,115.0
205,389.77,361.1,17.9,False,111.1,114.3
206,110.67,104.8,14.78,False,107.4,108.6
207,61.3,50.6,5.34,False,112.1,111.3
208,352.92,347.0,4.4,True,116.2,120.2
209,314.4,260.2,11.04,False,109.4,111.9
210,404.84,458.0,14.43,True,96.6,101.4
211,163.99,147.8,12.35,False,116.9,117.9
212,197.37,220.8,14.76,False,112.4,114.1
213,232.23,245.6,9.54,False,109.8,113.1
214,135.03,164.7,17.8,False,98.1,99.9
215,133.81,137.1,14.48,False,108.2,109.7
216,327.5,356.5,2.34,True,104.7,109.0
217,137.16,98.9,7.51,False,102.7,103.2
218,96.29,124.2,10.73,False,109.2,110.1
219,200.19,216.7,5.2,False,106.8,109.3
220,402.77,379.0,8.16,False,107.2,112.6
221,175.33,170.9,11.89,False,114.4,115.5
222,154.03,158.8,10.61,False,111.5,112.7
223,179.8,209.6,15.71,False,107.0,108.8
224,229.61,284.2,5.83,False,106.3,108.7
225,145.93,191.6,16.7,False,107.3,109.6
226,340.25,405.3,6.82,False,108.5,110.5
227,323.76,414.6,16.69,False,113.5,120.1
228,217.21,216.7,5.6,False,103.7,106.1
229,482.06,603.2,9.87,False,118.8,127.7
230,221.43,242.5,16.88,False,113.5,115.9
231,347.3,407.1,6.08,False,93.6,96.9
232,262.51,279.9,15.5,False,110.5,111.5
233,241.82,277.0,9.77,True,116.2,119.9
234,94.29,85.8,8.43,True,112.3,112.4
235,127.18,118.1,12.45,False,107.5,107.7
236,218.02,197.3,4.78,False,109.6,110.5
237,380.04,412.9,12.37,False,111.1,117.3
238,241.56,282.1,4.41,False,114.6,115.8
239,191.81,198.3,13.23,False,101.5,102.7
240,225.31,324.9,11.58,True,106.4,111.4
241,358.8,404.7,3.81,True,119.8,125.9
242,213.45,234.2,3.16,True,110.2,113.8
243,220.6,263.8,11.52,False,119.2,122.6
244,213.31,245.5,3.5,True,127.9,128.5
245,197.44,226.0,11.81,False,107.0,107.6
246,162.64,146.8,17.98,False,102.8,103.9
247,155.81,140.3,3.53,False,108.4,109.5
248,264.33,323.8,9.32,True,116.6,119.9
249,342.56,408.8,16.75,False,117.4,121.7
250,179.19,198.1,16.96,False,123.6,124.8
251,204.2,195.5,1.99,True,109.8,112.1
252,85.79,72.4,14.83,False,112.9,112.7
253,75.01,64.6,5.44,False,105.7,105.7
254,454.6,465.7,13.82,False,95.0,102.6
255,146.11,152.5,7.36,False,109.8,110.7
256,767.25,731.5,5.21,True,103.1,110.2
257,166.51,168.3,9.27,False,113.9,116.1
258,80.2,87.5,4.4,False,98.7,99.2
259,225.52,246.6,8.5,False,105.6,108.2
260,374.62,354.2,8.01,False,111.6,112.4
261,292.38,333.1,17.39,True,112.2,118.1
262,388.04,373.4,10.45,False,109.7,113.9
263,127.37,130.0,13.0,False,121.2,122.4
264,379.82,459.7,4.39,False,119.4,122.9
265,462.86,474.3,17.96,False,105.9,113.8
266,383.71,485.5,9.71,False,119.7,125.5
267,285.3,268.9,2.74,False,120.6,123.1
268,194.9,189.5,11.55,False,109.3,111.0
269,157.82,179.9,6.75,False,110.3,110.9
270,107.61,87.2,6.35,False,109.7,110.0
271,161.51,170.4,6.73,False,106.1,107.3
272,67.3,48.5,8.93,True,106.7,106.1
273,107.91,80.2,6.24,True,117.9,118.0
274,247.03,267.4,14.35,False,112.6,115.7
275,210.58,201.9,4.45,False,106.7,108.4
276,247.74,261.0,3.84,False,104.4,105.4
277,318.02,339.6,3.22,False,105.5,109.0
278,268.24,287.7,8.27,True,109.0,110.3
279,232.76,274.4,3.36,False,115.5,118.7
280,227.23,222.2,1.91,True,104.8,107.1
281,148.99,149.3,6.36,True,115.4,116.6
282,108.29,108.6,17.67,False,111.2,111.6
283,189.45,173.0,1.68,False,110.9,112.2
284,227.29,224.2,2.55,True,116.2,116.7
285,216.34,240.1,11.12,False,115.1,117.7
286,404.49,373.9,9.72,False,101.6,105.0
287,152.5,213.1,3.22,False,103.5,107.4
288,338.67,313.3,16.26,False,108.6,111.9
289,92.56,94.6,12.63,False,112.1,113.4
290,261.51,269.4,9.66,True,118.2,121.6
291,228.66,259.1,10.47,True,110.4,114.5
292,360.12,459.8,14.64,False,120.2,128.0
293,228.4,202.0,3.12,True,105.8,106.7
294,243.51,197.2,16.9,True,106.8,107.7
295,299.15,340.9,3.36,True,108.2,113.4
296,121.86,113.6,9.07,False,105.1,105.5
297,256.88,265.6,5.59,True,117.0,120.5
298,141.94,110.2,12.48,True,93.4,94.5
299,366.13,570.7,15.36,False,107.0,110.3
300,193.59,182.6,11.68,False,116.9,117.4
301,101.8,105.9,5.2,False,108.1,108.6
302,120.15,172.3,14.36,False,116.4,117.7
303,236.78,266.5,17.05,False,123.2,127.0
304,353.36,308.0,4.16,False,110.5,115.0
305,376.38,446.9,5.68,True,117.0,119.6
306,168.15,160.5,10.24,False,124.5,124.8
307,366.18,349.3,13.71,False,112.4,115.3
308,86.22,80.2,3.6,False,109.7,109.9
309,139.81,124.7,2.34,True,115.4,116.8
310,83.89,96.2,10.85,True,117.1,117.5
311,133.7,144.4,14.65,False,109.8,111.6
312,343.7,340.8,6.41,False,107.1,110.1
313,163.25,162.8,11.12,False,120.3,120.7
314,190.98,180.8,14.76,True,108.4,110.0
315,260.43,270.4,1.98,True,117.2,119.1
316,359.49,301.0,7.05,False,111.6,113.4
317,163.99,183.9,6.5,False,121.0,123.0
318,152.86,124.2,13.43,False,104.9,105.9
319,476.58,520.6,12.49,True,104.9,107.6
320,214.48,184.6,15.14,False,115.1,117.0
321,165.57,195.3,10.55,False,103.2,105.6
322,212.14,209.5,5.26,False,110.7,111.9
323,277.95,318.4,8.65,False,119.3,123.6
324,108.02,91.6,8.03,False,99.3,98.7
325,651.86,629.5,12.52,False,112.4,119.9
326,202.84,192.2,17.24,False,117.3,118.7
327,358.22,324.2,9.05,True,109.8,112.6
328,101.65,106.7,12.04,False,104.4,104.8
329,220.79,255.5,4.43,True,108.4,110.2
330,523.26,577.2,10.98,False,105.0,108.5
331,471.4,533.8,13.52,True,110.4,116.4
332,286.66,319.6,14.1,False,108.3,110.5
333,124.08,138.8,17.56,False,106.9,107.6
334,455.86,434.2,17.79,False,112.8,117.7
335,87.57,79.8,10.01,True,119.5,118.7
336,162.68,135.8,15.7,True,112.0,112.8
337,219.0,222.9,13.66,False,118.1,121.1
338,93.64,84.2,10.16,True,119.5,120.6
339,177.93,172.1,2.0,True,106.5,108.9
340,293.63,353.2,17.62,False,111.6,115.6
341,164.56,153.0,17.43,False,107.5,109.0
342,411.39,362.2,10.05,False,101.1,105.8
343,661.98,720.5,7.18,False,112.1,123.3
344,307.68,288.1,3.34,True,103.7,108.3
345,359.58,358.8,2.41,False,112.9,118.1
346,412.12,442.2,14.76,False,100.7,107.1
347,187.62,181.4,8.26,False,111.0,113.3
348,357.95,354.2,10.79,False,100.6,104.0
349,188.93,178.8,6.47,True,114.0,117.3
350,215.77,277.1,11.63,True,107.6,110.3
351,367.72,383.4,14.02,False,107.1,108.9
352,143.55,142.5,16.23,False,116.8,116.8
353,57.3,51.1,9.69,False,108.1,107.9
354,162.66,134.7,6.45,True,110.7,110.0
355,335.81,414.3,2.77,False,108.8,111.6
356,103.97,125.0,15.59,False,113.0,112.9
357,396.26,401.8,15.58,False,116.3,121.7
358,122.76,135.1,7.33,False,115.0,115.5
359,148.08,205.7,4.92,False,107.2,110.0
360,248.77,231.6,12.61,False,117.3,120.3
361,136.26,124.7,13.98,False,104.5,106.3
362,213.5,207.0,13.41,False,105.5,108.3
363,96.05,87.3,2.68,True,109.2,109.1
364,157.32,190.7,17.74,False,116.3,118.9
365,182.09,221.0,10.48,False,103.0,105.9
366,64.19,52.6,11.54,False,115.3,114.6
367,114.26,134.1,2.25,True,109.7,109.3
368,266.05,272.4,1.69,True,107.4,109.5
369,116.85,116.4,3.58,True,116.6,118.7
370,286.45,297.3,7.95,False,105.2,108.9
371,302.65,313.3,17.09,False,123.7,128.9
372,270.37,271.8,13.51,False,108.9,113.5
373,341.15,351.9,17.99,False,110.9,115.6
374,82.03,84.0,12.72,False,119.3,119.9
375,363.71,392.8,3.15,False,111.1,113.0
376,128.77,125.8,12.96,False,117.1,117.3
377,159.03,246.5,12.08,False,98.3,99.1
378,550.2,564.9,16.12,True,107.3,109.3
379,188.95,188.4,10.48,True,112.4,114.4
380,249.76,234.8,5.55,False,116.5,120.0
381,115.27,126.3,13.59,True,114.6,114.3
382,490.87,561.9,13.93,False,114.1,123.1
383,125.07,134.2,9.98,False,116.4,118.5
384,338.82,328.3,3.06,False,112.9,114.7
385,324.24,441.8,8.33,False,97.1,98.4
386,274.65,345.3,15.36,False,118.7,122.6
387,279.62,281.0,6.51,True,105.0,110.0
388,214.22,244.4,13.57,True,111.9,115.8
389,100.15,106.0,5.68,False,111.1,110.9
390,545.71,548.3,6.92,True,110.3,118.2
391,285.75,268.4,7.06,False,103.4,107.2
392,239.99,234.9,3.74,True,98.4,99.2
393,131.55,120.0,7.29,False,104.0,105.3
394,217.79,241.3,13.44,False,115.0,117.7
395,210.96,226.7,8.12,False,101.3,103.1
396,456.28,564.9,6.45,False,104.7,113.7
397,228.17,234.8,13.06,True,112.5,113.7
398,216.17,239.2,10.01,True,103.8,106.8
399,124.35,120.9,8.69,False,106.7,107.3
400,159.99,150.0,14.64,False,110.5,110.3
401,323.37,307.3,7.8,False,111.7,115.2
402,89.19,74.7,10.48,False,103.7,103.7
403,445.46,391.6,2.02,False,110.8,113.3
404,333.59,397.4,7.1,False,112.4,114.6
405,115.45,140.9,5.41,True,102.4,104.0
406,294.52,281.6,16.11,True,111.3,115.4
407,374.16,449.6,1.85,False,105.7,108.4
408,199.5,216.5,13.05,True,110.7,112.4
409,156.32,194.3,13.98,True,114.3,117.1
410,178.05,208.0,6.99,True,108.9,111.1
411,209.65,268.1,5.74,True,115.5,116.6
412,157.32,161.4,4.22,False,114.7,116.1
413,163.61,185.0,6.07,True,115.4,116.5
414,253.53,271.1,16.58,False,112.4,113.5
415,195.08,176.4,2.22,True,116.6,117.5
416,122.9,114.7,9.04,True,112.3,113.8
417,75.79,70.8,5.86,True,100.0,99.8
418,254.46,237.4,12.98,False,105.2,107.6
419,398.86,434.5,7.01,False,108.7,114.8
420,271.86,289.4,7.21,False,109.5,111.9
421,131.81,117.3,2.46,True,112.1,112.6
422,156.61,149.3,16.52,False,105.2,105.3
423,173.28,193.5,10.11,True,122.1,123.3
424,499.61,574.6,2.64,False,109.4,115.1
425,614.5,591.5,13.9,False,110.0,115.0
426,453.63,554.2,14.37,False,106.0,114.2
427,209.57,250.9,9.11,False,104.0,107.3
428,849.85,976.4,17.66,False,109.2,118.5
429,134.47,153.6,5.23,False,110.2,112.1
430,138.93,189.5,15.43,False,109.5,111.5
431,333.06,375.4,15.47,False,119.9,124.9
432,296.86,271.8,10.1,False,109.2,113.6
433,265.14,280.4,10.41,False,109.5,114.2
434,141.19,129.0,3.35,False,114.9,116.8
435,153.51,225.8,3.7,True,109.0,110.4
436,161.86,155.0,8.48,True,113.2,115.0
437,123.11,101.6,16.65,False,102.3,102.5
438,152.23,165.7,5.04,True,102.4,104.2
439,255.89,271.9,9.34,True,110.7,114.8
440,327.21,342.6,2.56,True,108.6,110.7
441,71.23,69.3,6.44,False,105.1,104.7
442,221.57,231.7,7.64,False,110.7,111.6
443,246.3,220.1,17.39,False,111.3,114.6
444,237.76,264.2,4.69,True,105.7,108.4
445,115.07,118.6,3.16,True,106.9,108.5
446,120.38,120.0,2.39,False,111.3,111.5
447,448.42,440.8,10.11,False,103.9,106.2
448,125.72,142.0,10.07,True,106.4,106.6
449,181.5,184.3,4.73,False,113.2,114.9
450,176.87,195.1,5.58,True,109.9,111.1
451,161.21,156.6,6.76,True,107.1,109.5
452,268.49,302.2,1.66,False,104.6,108.9
453,252.49,288.4,14.98,False,103.9,108.1
454,250.41,214.6,14.25,False,109.2,110.9
455,131.69,161.9,6.78,False,122.2,123.4
456,207.42,205.2,10.98,True,113.4,113.6
457,281.48,242.6,6.91,False,102.0,104.8
458,162.48,149.4,1.94,False,114.2,115.1
459,248.78,314.5,11.23,False,105.4,106.2
460,295.83,390.1,13.41,False,110.0,116.8
461,384.65,481.4,7.01,True,106.5,108.5
462,425.44,465.6,5.48,False,122.1,125.2
463,200.34,194.4,5.86,True,103.2,104.9
464,198.02,249.3,7.26,True,111.9,113.6
465,182.19,212.4,9.21,True,105.9,107.5
466,189.78,211.9,13.96,True,114.4,117.2
467,189.73,204.4,4.78,False,111.8,112.1
468,268.56,234.1,13.15,False,117.5,120.2
469,334.17,424.7,17.42,False,114.3,116.1
470,228.75,276.4,4.47,False,105.8,107.0
471,106.22,115.5,9.88,False,127.5,128.6
472,370.38,381.3,7.46,True,113.3,118.8
473,251.65,262.2,11.41,False,106.7,110.0
474,251.6,304.1,16.03,False,111.2,113.9
475,247.43,273.4,16.12,False,113.8,114.2
476,238.73,280.3,8.81,False,113.6,117.5
477,273.0,287.4,14.0,False,113.0,115.3
478,118.06,78.1,9.94,False,115.8,116.8
479,306.2,302.0,14.24,False,115.2,116.7
480,159.21,153.2,16.09,False,104.9,105.9
481,164.24,176.1,13.24,False,122.6,122.5
482,188.12,233.1,2.5,False,121.8,122.6
483,505.88,521.9,5.55,False,114.8,120.5
484,143.6,127.4,14.47,False,110.2,111.0
485,201.82,228.7,1.82,False,110.3,112.7
486,232.12,201.6,10.05,False,108.1,108.7
487,353.17,378.3,11.57,False,108.8,111.7
488,207.43,198.5,15.03,False,96.9,98.2
489,258.38,263.8,14.81,False,119.2,120.0
490,131.99,127.6,2.71,True,117.1,117.2
491,332.94,412.6,12.71,False,99.9,100.7
492,97.04,96.6,14.54,False,115.3,115.3
493,299.08,299.8,3.24,True,110.0,112.3
494,234.05,264.7,9.51,False,108.8,109.4
495,270.63,286.1,12.21,False,113.0,115.4
496,95.93,97.4,7.15,False,99.5,99.9
497,213.1,196.2,7.61,True,109.9,111.9
498,358.24,368.5,3.2,False,110.5,112.0
499,420.0,564.1,14.28,False,110.5,116.9
500,206.32,219.3,5.41,False,101.8,104.0
501,364.88,350.0,8.68,False,112.7,118.6
502,194.48,250.9,10.02,False,116.4,116.7
503,192.42,225.7,2.94,False,112.4,113.6
504,180.9,183.6,8.61,True,108.6,111.3
505,280.44,233.7,4.01,False,126.1,127.3
506,282.19,333.4,5.34,True,104.5,105.9
507,340.97,348.2,7.38,True,114.6,120.4
508,125.22,109.3,9.58,True,111.5,112.5
509,159.1,174.4,8.66,False,122.1,123.5
510,133.85,123.9,2.68,False,112.3,112.6
511,213.16,240.2,7.28,False,113.6,114.4
512,175.51,192.3,2.15,False,113.0,113.5
513,208.62,280.9,5.64,False,103.7,107.0
514,267.44,291.5,2.9,False,104.8,107.4
515,83.12,56.5,4.26,False,108.3,108.8
516,227.36,232.7,9.79,False,115.7,119.2
517,442.06,429.1,16.8,False,111.4,119.6
518,186.45,174.4,4.71,False,108.8,109.6
519,165.7,171.5,13.56,False,118.2,119.9
520,318.94,389.8,2.22,False,98.1,103.4
521,304.47,356.8,7.04,False,102.2,107.7
522,113.18,131.3,8.12,False,95.0,97.0
523,304.24,338.2,3.29,True,117.2,122.2
524,154.49,148.4,12.01,False,109.4,110.6
525,209.56,170.5,3.9,False,115.8,116.3
526,140.02,131.3,14.71,False,109.3,110.0
527,104.3,108.8,11.26,False,116.1,116.5
528,201.19,248.0,13.73,True,109.2,112.0
529,97.21,99.2,4.21,True,112.5,112.5
530,262.91,253.5,6.73,True,111.6,113.0
531,224.87,249.2,13.14,False,112.0,114.8
532,219.75,213.9,8.98,False,120.1,123.8
533,171.17,179.1,11.93,False,100.3,100.9
534,177.5,159.7,8.32,False,109.6,111.1
535,106.4,121.7,12.59,False,111.2,112.8
536,522.31,483.3,12.09,False,110.3,114.5
537,171.52,208.6,6.44,False,107.6,108.7
538,218.59,204.8,16.05,False,106.8,108.1
539,138.96,134.9,13.58,False,119.2,121.2
540,418.59,456.2,2.63,True,109.6,112.0
541,164.4,165.5,2.12,False,124.6,127.0
542,254.9,266.8,13.32,False,113.2,117.1
543,291.48,295.0,11.93,False,108.3,111.0
544,268.3,248.1,16.75,False,113.3,114.4
545,122.16,97.9,12.65,False,110.7,110.0
546,321.53,330.6,4.94,False,118.1,119.7
547,187.4,164.6,2.19,True,103.0,103.2
548,333.39,354.9,10.28,False,99.2,101.1
549,242.67,224.7,9.69,False,112.2,115.2
550,299.12,304.7,16.97,False,115.0,118.1
551,377.49,440.2,13.19,True,111.7,118.3
552,301.14,324.0,16.35,True,114.0,117.9
553,307.4,308.7,13.98,False,113.2,117.3
554,315.47,338.6,12.4,False,101.1,106.4
555,156.74,145.5,10.79,False,111.7,111.7
556,363.17,363.0,11.07,False,117.9,122.0
557,201.02,199.8,9.87,True,111.0,114.6
558,124.98,203.4,15.34,False,102.1,105.5
559,278.69,243.8,5.37,False,108.0,110.3
560,177.76,189.5,16.6,False,113.3,116.1
561,119.62,128.5,10.73,False,120.8,121.4
562,186.17,233.7,8.72,False,98.3,99.6
563,190.99,204.0,4.98,False,112.2,112.7
564,178.51,200.0,6.06,False,104.4,106.4
565,196.43,220.7,11.14,False,113.0,114.4
566,73.6,59.9,4.0,True,113.5,113.0
567,216.57,200.8,1.55,False,108.6,108.7
568,537.41,469.5,5.78,False,113.8,120.9
569,447.6,449.8,6.52,False,116.8,123.7
570,252.21,238.2,17.03,True,109.0,112.5
571,224.11,233.8,11.1,True,102.0,104.7
572,72.39,51.1,8.2,False,118.6,118.5
573,174.74,170.0,17.72,False,115.0,115.7
574,293.09,336.8,7.56,True,113.4,117.0
575,181.18,187.0,17.31,False,105.9,107.9
576,397.55,398.2,17.03,False,115.9,119.4
577,399.25,385.4,12.88,True,122.3,126.8
578,168.58,168.1,10.17,True,109.3,110.5
579,194.95,248.1,15.06,True,110.6,115.3
580,423.15,489.4,6.84,False,103.6,107.0
581,93.96,96.6,7.57,True,105.7,105.3
582,180.75,189.3,4.91,True,103.6,104.9
583,106.43,90.8,5.71,False,110.8,111.2
584,144.89,139.5,3.75,False,108.0,109.9
585,524.43,565.9,15.54,False,112.2,119.7
586,195.0,189.3,1.52,False,104.6,106.5
587,82.0,68.5,8.5,False,109.0,109.6
588,119.29,127.7,7.51,False,104.3,105.4
589,88.86,85.1,7.9,True,111.1,111.6
590,253.98,253.3,15.42,False,100.2,102.8
591,329.37,292.7,15.05,False,110.9,113.4
592,329.46,365.6,12.45,False,108.3,112.5
593,321.74,327.1,12.87,False,111.1,115.5
594,117.38,99.3,14.76,True,100.1,100.7
595,254.07,284.7,7.85,False,113.9,117.0
596,239.96,215.4,8.93,False,108.2,111.2
597,414.52,393.9,5.54,True,111.3,114.1
598,373.22,347.1,5.43,True,98.8,102.7
599,569.24,605.6,16.92,False,102.5,108.6
600,179.2,133.7,14.05,False,107.7,108.5
601,114.8,122.8,8.97,True,118.3,119.5
602,214.28,175.9,2.14,True,113.2,114.6
603,236.95,220.2,13.76,False,110.8,113.0
604,182.67,156.8,17.15,False,104.5,106.1
605,141.62,137.8,16.79,True,103.4,104.7
606,284.44,274.6,13.28,False,111.7,116.5
607,204.32,175.6,12.19,False,114.2,114.4
608,135.87,153.0,3.49,True,111.3,112.7
609,114.31,99.2,2.91,True,120.3,121.4
610,63.38,53.7,5.88,True,105.9,105.8
611,409.85,457.5,10.8,False,111.1,119.8
612,360.44,450.2,16.57,False,99.8,103.0
613,310.73,352.8,15.87,True,111.3,114.7
614,400.34,309.4,6.55,False,118.8,122.9
615,207.73,166.5,7.54,False,103.8,104.9
616,244.97,316.2,6.62,False,115.1,119.2
617,132.96,117.7,10.25,False,118.6,119.5
618,260.19,244.8,14.85,True,105.9,106.8
619,146.58,145.6,14.42,False,112.8,114.4
620,301.89,316.9,16.12,False,119.5,123.0
621,473.79,507.1,10.11,True,111.4,117.7
622,113.19,127.4,12.36,False,114.7,114.5
623,145.39,171.2,17.24,False,99.4,101.6
624,232.53,242.3,12.65,False,113.6,116.2
625,84.93,73.6,4.26,False,113.1,113.5
626,84.02,87.6,6.89,False,102.0,101.4
627,402.45,499.2,2.75,True,104.2,110.7
628,255.84,275.3,3.32,True,113.6,117.6
629,183.07,161.3,9.62,True,108.2,108.8
630,223.26,228.3,13.69,True,116.7,119.7
631,215.81,176.3,4.62,False,111.9,112.9
632,220.88,246.3,6.78,False,110.3,112.0
633,178.47,180.1,7.05,True,109.0,110.5
634,194.36,218.6,15.36,False,111.8,111.9
635,335.28,332.0,4.54,True,114.8,116.3
636,274.35,320.6,2.06,False,113.2,117.4
637,556.34,484.2,11.79,True,107.5,110.4
638,212.44,285.9,10.19,False,117.4,119.6
639,264.62,236.4,1.54,True,113.9,114.3
640,476.77,522.7,14.12,True,112.3,115.8
641,216.62,206.1,8.49,False,110.6,111.1
642,88.74,56.9,10.54,False,113.0,113.3
643,370.53,355.1,12.57,False,99.0,105.0
644,233.72,267.8,2.35,False,111.4,115.1
645,234.4,230.3,4.35,True,119.8,122.4
646,406.64,360.1,9.14,False,111.3,112.7
647,162.25,181.0,4.34,True,110.5,111.0
648,85.74,58.6,3.42,True,106.4,106.7
649,358.53,363.9,6.86,False,113.0,117.8
650,142.64,158.1,8.54,False,108.8,110.6
651,124.7,130.4,15.52,False,117.9,117.9
652,76.4,60.5,11.32,False,104.8,104.5
653,237.93,347.7,16.84,False,107.3,111.6
654,56.94,45.7,9.04,False,106.4,106.0
655,373.42,438.3,9.29,False,121.0,127.5
656,160.14,191.1,6.64,True,108.9,110.1
657,357.54,356.6,2.85,True,106.7,110.1
658,269.94,290.6,4.34,False,97.5,98.2
659,465.5,574.4,2.62,False,104.5,111.6
660,259.44,286.3,13.11,False,113.2,117.9
661,402.09,429.7,7.26,False,113.1,117.1
662,171.76,168.1,2.02,False,106.1,108.5
663,80.75,87.4,13.91,False,106.4,105.9
664,369.66,386.3,5.7,False,121.2,127.8
665,96.7,85.8,16.24,True,126.2,127.3
666,257.6,345.7,15.08,False,116.9,122.5
667,120.48,121.5,6.51,True,119.4,120.7
668,269.44,270.6,5.39,True,120.6,123.6
669,554.63,580.1,17.89,False,123.3,128.4
670,295.64,331.3,15.02,False,108.2,113.5
671,214.08,206.6,16.79,False,104.7,108.3
672,236.39,294.2,1.78,True,121.0,125.0
673,145.6,171.7,11.37,False,104.2,106.6
674,602.76,699.7,5.9,False,103.8,112.0
675,186.8,151.3,7.68,False,104.0,104.7
676,214.52,219.4,3.0,True,109.2,110.3
677,282.66,315.5,13.85,False,98.1,101.9
678,312.15,282.8,10.17,False,101.4,105.0
679,270.19,300.2,14.57,False,106.3,109.9
680,220.38,173.7,3.42,True,102.8,103.6
681,183.05,201.8,17.96,False,116.4,117.0
682,301.51,376.8,7.25,False,110.0,112.6
683,331.08,366.9,17.2,False,113.5,115.1
684,254.69,286.5,12.66,False,112.8,113.8
685,376.02,458.2,3.3,False,108.8,114.9
686,471.31,384.9,14.4,False,115.9,121.1
687,354.03,361.0,10.75,False,112.7,118.5
688,103.91,84.8,4.61,True,108.1,108.3
689,260.99,284.6,4.59,False,99.9,104.2
690,231.75,257.3,17.23,False,113.1,115.4
691,502.55,489.6,17.98,False,102.4,106.2
692,44.23,35.2,11.01,True,112.3,111.8
693,172.97,212.5,4.59,False,110.5,113.7
694,229.38,245.9,7.11,True,101.8,103.7
695,147.68,120.5,5.0,True,111.6,112.9
696,130.5,134.7,11.52,True,111.1,111.4
697,470.49,490.4,8.1,True,111.2,115.0
698,280.85,299.6,7.74,True,110.9,112.2
699,613.22,580.8,14.72,False,106.1,109.1
700,158.95,210.4,17.4,False,113.5,115.5
701,121.11,97.1,4.75,False,105.9,105.5
702,187.53,193.7,8.34,False,103.6,106.3
703,199.45,175.3,10.35,True,114.0,116.0
704,283.66,337.6,5.56,True,115.6,120.5
705,306.3,330.3,8.13,False,113.6,115.6
706,281.85,307.6,2.42,True,108.8,110.4
707,528.15,677.3,2.18,False,98.4,105.5
708,332.8,444.1,14.47,True,118.9,121.4
709,138.15,140.2,7.1,False,98.3,99.2
710,362.06,391.6,13.17,False,113.5,118.0
711,195.61,237.0,2.87,False,122.7,125.8
712,186.7,207.1,12.57,False,110.9,111.3
713,322.48,473.7,12.28,False,111.7,114.2
714,137.25,135.0,15.05,False,112.3,114.2
715,394.48,377.7,4.88,False,111.2,117.9
716,354.39,346.3,10.59,False,124.1,128.8
717,139.04,133.5,16.37,False,104.9,105.4
718,94.19,83.1,5.13,True,104.2,105.2
719,195.06,222.6,3.56,True,108.0,108.3
720,60.64,33.3,7.19,False,120.4,119.8
721,478.73,415.8,17.43,False,106.5,109.4
722,274.38,284.0,4.1,False,112.6,115.7
723,584.83,481.9,3.47,False,116.4,119.7
724,232.13,273.5,17.96,False,114.7,118.4
725,373.42,499.1,7.99,False,116.1,122.9
726,158.11,164.8,3.96,False,118.5,120.5
727,284.85,307.1,10.72,False,111.8,115.2
728,235.42,185.8,1.73,False,107.3,109.0
729,203.88,218.8,8.52,True,110.9,113.0
730,201.11,245.4,2.1,False,108.0,110.9
731,244.01,283.5,10.83,False,125.1,128.1
732,180.18,152.0,11.81,False,106.8,107.7
733,318.89,299.2,1.56,True,112.9,117.0
734,202.54,238.6,9.96,False,101.0,102.1
735,87.95,100.4,17.09,False,110.8,112.0
736,78.46,75.7,8.07,False,108.3,107.9
737,468.57,416.6,17.25,False,114.1,119.5
738,221.21,212.8,17.4,False,114.2,116.4
739,104.48,94.0,5.46,True,118.5,120.1
740,611.21,542.8,11.03,False,118.0,120.3
741,363.67,315.7,15.2,False,109.6,112.9
742,258.41,279.4,13.2,False,104.3,105.9
743,148.15,144.1,14.04,False,105.0,106.8
744,109.32,99.5,5.81,False,111.8,111.8
745,239.12,257.5,16.65,False,110.9,113.9
746,185.12,230.4,5.39,False,111.5,111.9
747,107.0,121.7,12.14,False,106.8,108.6
748,109.15,119.2,16.1,False,118.6,118.5
749,129.6,115.6,7.43,True,101.2,101.7
750,110.12,113.2,10.61,False,106.5,107.1
751,211.04,161.7,12.89,False,103.5,104.0
752,240.36,279.5,16.82,False,108.7,109.6
753,352.32,305.3,8.89,False,117.5,120.1
754,208.38,227.7,11.45,False,108.3,108.4
755,190.19,251.1,3.84,False,110.6,115.0
756,336.52,313.3,2.58,False,114.0,116.6
757,90.23,64.3,1.85,False,108.0,107.9
758,221.99,262.0,9.36,True,112.3,113.6
759,395.5,454.7,10.5,False,111.5,114.8
760,190.38,209.7,2.92,True,103.2,105.7
761,366.07,407.6,4.49,False,107.2,113.4
762,200.33,211.8,5.89,True,112.1,113.8
763,295.44,324.6,16.21,False,117.7,122.5
764,193.51,276.4,3.14,True,117.7,119.8
765,111.55,114.5,9.58,True,122.6,124.5
766,148.67,130.9,14.52,False,112.9,113.1
767,438.81,499.1,15.86,False,107.5,115.3
768,311.98,362.9,12.94,False,109.6,114.8
769,183.62,219.9,5.88,False,109.3,110.0
770,175.98,203.9,3.5,True,107.6,110.0
771,175.57,144.7,4.11,True,112.3,114.8
772,237.25,289.3,14.21,True,112.6,114.0
773,161.24,152.0,6.39,True,103.0,104.1
774,191.78,189.1,7.07,True,116.5,118.4
775,171.5,161.3,4.4,True,99.0,100.4
776,289.06,350.8,8.67,False,108.7,112.0
777,188.6,214.8,7.02,False,116.9,119.8
778,233.76,252.1,7.39,False,113.6,118.0
779,113.22,115.8,2.06,True,107.9,108.6
780,175.69,160.7,9.13,False,121.8,124.1
781,255.34,255.2,3.35,True,107.4,108.8
782,115.38,85.9,10.34,False,98.0,98.7
783,207.63,205.9,12.54,False,112.7,113.0
784,162.24,231.6,10.51,False,99.3,100.8
785,133.75,107.3,3.92,True,105.0,105.8
786,348.59,397.9,11.67,False,113.7,116.0
787,328.4,281.8,8.31,True,107.2,109.1
788,246.55,214.0,7.43,True,113.5,115.6
789,155.31,154.0,3.95,False,103.1,104.8
790,114.57,83.9,17.91,False,115.2,115.1
791,317.04,381.7,7.98,False,99.9,104.5
792,174.39,179.2,9.03,False,117.9,120.7
793,117.99,97.1,3.06,True,107.1,107.6
794,179.85,151.5,12.65,False,119.2,121.4
795,299.59,298.1,6.16,False,105.0,109.4
796,253.93,266.0,13.71,False,121.5,126.0
797,162.62,122.0,2.61,True,104.3,104.5
798,352.53,418.2,6.4,False,99.2,104.5
799,81.6,96.3,13.8,False,110.3,110.3
800,338.13,464.5,8.03,True,117.4,120.0
801,292.18,259.9,2.07,False,114.7,117.6
802,187.27,187.0,14.53,False,117.0,117.2
803,202.33,202.0,17.43,False,114.9,117.4
804,221.1,243.8,7.71,False,105.1,109.3
805,272.35,310.7,11.76,True,114.6,117.1
806,78.29,75.2,7.65,False,110.6,111.4
807,158.79,148.6,10.66,False,105.7,108.1
808,229.25,239.5,13.69,False,111.1,114.7
809,415.13,426.7,11.94,True,109.7,112.2
810,396.59,418.0,6.69,False,118.5,126.1
811,432.5,515.9,4.72,False,106.9,108.6
812,301.65,407.4,10.48,False,106.6,113.3
813,121.88,142.2,12.38,False,105.8,105.8
814,311.53,231.1,10.98,False,121.4,122.7
815,441.5,408.7,3.61,False,106.1,108.7
816,413.35,387.5,7.36,False,117.8,122.9
817,188.59,207.8,13.79,False,103.8,107.0
818,283.41,306.0,3.92,True,113.0,116.5
819,157.09,178.6,16.08,False,111.6,114.0
820,94.78,91.7,9.2,True,117.4,118.1
821,188.12,218.1,14.55,False,116.5,120.1
822,248.01,210.8,7.12,False,110.5,112.0
823,187.2,173.8,7.43,False,106.8,109.5
824,257.7,311.3,17.46,False,119.7,124.3
825,190.07,203.9,10.86,False,106.2,107.3
826,297.23,288.2,3.18,True,96.4,98.0
827,295.17,347.4,17.3,False,98.8,102.7
828,649.71,721.8,7.69,True,100.3,113.2
829,221.05,220.2,13.22,False,113.6,116.0
830,407.72,429.9,3.62,True,123.3,130.2
831,266.52,264.0,15.61,True,97.8,102.4
832,235.24,272.3,17.32,False,105.3,106.9
833,195.57,221.9,7.82,False,110.5,113.2
834,197.11,251.5,3.89,True,119.3,121.5
835,170.17,205.0,10.7,False,105.3,106.6
836,348.62,390.3,4.17,False,113.5,119.8
837,179.21,151.8,8.8,False,108.5,109.4
838,89.41,91.2,11.77,False,125.6,125.8
839,176.22,170.5,3.8,False,110.9,112.7
840,177.1,160.2,17.14,False,112.1,114.0
841,143.43,170.5,13.14,False,110.5,112.1
842,190.13,215.4,7.46,True,107.5,109.5
843,204.99,170.8,8.36,True,115.7,116.1
844,219.47,213.7,15.49,False,103.0,105.2
845,130.97,171.1,9.35,True,98.0,99.4
846,296.55,291.5,17.79,False,109.1,112.6
847,569.7,718.2,2.53,False,114.9,127.3
848,269.54,261.1,5.98,True,106.5,109.0
849,159.22,175.1,10.05,False,111.1,111.4
850,61.37,50.9,3.74,False,102.7,102.8
851,491.13,591.0,7.38,False,116.4,122.9
852,257.42,269.1,10.08,False,113.9,116.4
853,188.53,212.6,5.81,False,110.1,111.0
854,77.8,52.8,4.22,True,111.0,110.4
855,186.86,218.9,5.93,False,101.6,102.8
856,256.71,250.3,2.86,False,101.9,104.1
857,178.54,171.5,4.73,False,109.3,110.5
858,92.0,101.9,2.51,False,113.1,114.4
859,125.59,97.9,17.22,False,113.4,114.2
860,526.93,596.1,4.16,False,107.8,112.9
861,243.18,246.3,1.52,True,114.5,118.9
862,183.56,171.4,17.3,False,118.5,119.5
863,236.74,238.3,14.02,False,109.5,113.2
864,254.84,229.3,5.91,False,111.9,114.4
865,106.6,95.0,16.0,False,108.8,108.8
866,391.37,376.5,15.88,False,109.2,115.1
867,203.33,209.5,13.73,False,111.0,111.7
868,259.01,248.2,11.27,False,120.2,123.7
869,460.23,490.4,11.15,False,115.5,122.0
870,123.98,103.8,17.49,False,115.0,115.3
871,156.32,147.3,9.17,True,107.3,108.9
872,241.01,277.0,14.84,False,104.6,108.2
873,319.2,372.5,3.36,True,112.3,113.4
874,168.39,162.3,13.06,False,117.5,117.6
875,151.8,167.6,17.83,False,120.3,122.9
876,263.78,326.5,1.66,False,95.3,98.5
877,434.0,687.9,5.76,False,124.7,129.7
878,180.21,242.7,14.45,False,112.5,113.6
879,196.06,147.0,13.61,False,115.5,116.8
880,126.66,122.9,13.61,False,99.6,99.9
881,258.63,215.0,17.71,False,108.6,111.4
882,347.1,363.3,3.08,False,114.9,120.8
883,742.23,851.1,12.64,False,103.0,107.3
884,152.31,195.2,12.08,False,92.7,93.0
885,232.09,242.9,4.9,True,112.0,112.8
886,611.18,542.8,5.01,False,109.7,114.6
887,307.93,274.5,12.23,False,118.6,119.9
888,249.14,262.1,12.3,False,109.0,111.4
889,382.55,487.1,11.4,False,109.5,117.6
890,207.03,246.0,9.12,True,114.2,115.7
891,123.66,128.9,12.84,False,116.2,117.7
892,458.66,434.3,6.81,True,105.7,112.4
893,106.71,85.6,5.39,True,115.7,115.9
894,369.97,395.4,11.32,False,106.9,113.4
895,212.39,232.3,11.69,False,110.1,113.4
896,231.99,196.4,14.9,False,114.0,115.1
897,171.36,193.6,8.37,False,115.1,117.4
898,212.57,214.6,14.11,False,111.9,113.2
899,193.39,180.5,16.64,True,103.5,105.6
900,255.34,296.5,8.52,False,98.8,102.7
901,169.46,184.2,10.45,False,108.9,110.9
902,82.4,67.9,16.52,False,115.8,115.1
903,265.44,233.3,6.45,False,112.7,115.4
904,86.11,65.4,13.42,False,111.5,111.7
905,224.97,232.4,11.02,False,110.0,110.2
906,166.64,178.5,8.33,False,111.9,112.4
907,321.65,379.8,15.76,False,104.0,106.5
908,191.94,201.0,4.09,False,114.7,118.3
909,302.73,350.4,2.08,True,115.1,119.5
910,305.81,329.1,4.92,False,107.9,109.5
911,331.48,334.0,15.96,False,112.6,117.1
912,197.46,205.1,7.17,False,99.7,101.3
913,215.9,240.9,12.79,False,111.1,112.0
914,260.87,292.2,5.31,False,109.2,113.0
915,238.55,245.0,9.6,False,117.6,120.2
916,190.49,201.3,10.13,False,108.8,108.7
917,154.16,136.0,5.55,False,115.2,116.8
918,174.85,234.8,7.89,True,107.7,109.4
919,119.67,91.4,5.82,True,96.3,96.6
920,69.47,62.5,3.16,False,108.6,108.7
921,130.17,118.1,8.62,False,111.2,110.7
922,335.43,331.9,10.8,False,110.9,115.3
923,224.15,265.0,2.99,False,111.0,112.9
924,269.1,333.7,7.41,False,107.0,108.4
925,150.42,155.1,9.13,False,108.1,110.7
926,352.54,400.8,16.89,False,103.2,105.8
927,117.82,97.9,11.57,True,98.0,97.7
928,120.35,120.7,17.05,False,109.4,110.5
929,394.36,397.0,10.15,False,105.5,111.5
930,166.62,254.5,14.75,False,116.5,118.3
931,300.32,334.8,3.09,False,96.9,98.6
932,290.18,265.6,10.81,False,111.7,115.2
933,157.92,168.0,7.32,False,122.7,123.9
934,108.74,112.3,13.52,False,108.9,109.5
935,80.05,72.5,15.98,False,110.0,109.5
936,300.12,567.6,13.25,False,112.6,121.4
937,88.46,83.6,2.96,False,113.0,113.0
938,495.41,478.3,11.75,True,107.5,116.4
939,220.19,246.9,13.78,False,104.0,105.7
940,241.22,270.1,1.99,True,113.9,115.2
941,173.96,260.5,4.3,False,98.6,102.9
942,218.65,312.4,12.72,False,115.0,117.3
943,174.34,146.5,6.7,False,107.6,108.1
944,80.48,57.4,2.53,True,110.0,110.8
945,135.33,166.0,16.18,False,106.8,107.3
946,257.31,298.2,17.21,False,118.6,120.0
947,131.0,121.4,7.66,False,111.5,112.7
948,317.75,406.1,17.88,False,108.1,112.2
949,159.69,216.8,15.63,False,107.9,110.8
950,121.99,114.8,10.67,False,109.1,110.8
951,262.35,253.2,13.83,False,124.4,126.7
952,295.54,295.4,16.95,False,102.1,105.2
953,320.35,307.1,13.5,False,116.5,118.6
954,42.8,31.5,7.07,False,113.4,113.5
955,371.02,397.3,4.68,True,119.2,121.0
956,93.33,93.4,8.62,False,113.8,114.0
957,362.88,397.6,4.58,False,110.0,112.0
958,369.27,417.4,1.86,True,116.1,122.1
959,116.46,112.4,9.02,True,111.4,110.6
960,82.62,126.1,6.93,False,114.5,114.1
961,365.81,344.0,3.07,False,118.6,120.9
962,189.7,184.8,15.88,False,110.6,112.1
963,330.12,450.9,3.53,True,107.5,114.4
964,490.38,519.0,11.9,False,106.1,113.5
965,119.52,114.7,10.89,True,112.7,114.1
966,131.57,144.8,17.65,False,104.7,104.7
967,208.08,246.0,5.69,False,107.9,107.9
968,68.85,56.5,5.39,False,104.2,105.0
969,84.86,73.9,11.85,False,113.1,112.8
970,124.13,135.2,10.71,False,105.5,105.2
971,634.54,616.0,14.89,False,102.3,105.1
972,253.58,267.0,4.36,False,103.3,105.2
973,155.59,158.8,6.46,False,106.6,107.7
974,145.15,125.5,1.58,False,107.1,108.3
975,111.25,111.6,13.41,False,111.5,111.1
976,156.03,165.6,6.87,False,109.0,112.1
977,173.49,160.1,5.4,True,112.2,113.2
978,171.01,203.9,11.48,False,112.7,114.8
979,288.61,303.2,5.65,False,114.4,115.2
980,197.74,222.0,2.44,False,98.6,101.4
981,364.98,355.2,5.4,True,103.2,108.6
982,205.84,195.7,15.52,False,113.3,114.2
983,512.64,540.6,11.32,True,111.3,117.1
984,253.67,350.5,9.27,False,115.9,118.2
985,227.36,263.0,9.61,False,100.7,103.0
986,247.99,303.8,17.95,False,107.1,111.1
987,163.75,168.2,2.02,False,108.2,110.0
988,139.43,202.1,4.16,True,111.0,113.5
989,155.39,197.7,15.78,False,110.2,111.1
990,168.0,148.0,10.32,False,112.8,114.5
991,115.99,100.4,17.92,False,109.3,109.7
992,277.38,312.8,12.78,False,118.2,118.9
993,307.35,385.9,13.44,False,120.1,127.0
994,233.65,288.8,11.07,True,103.3,104.5
995,218.52,221.6,1.79,False,110.3,110.9
996,573.94,673.0,16.48,False,114.8,126.4
997,181.51,157.6,10.13,False,113.5,113.2
998,242.83,268.0,1.65,False,107.6,108.5
999,385.33,416.2,4.96,False,111.5,113.7
1000,102.85,118.6,7.28,False,100.5,101.7
1001,283.47,326.0,6.22,False,109.9,111.2
1002,509.86,559.9,1.96,False,101.2,106.0
1003,211.32,232.0,6.12,False,113.0,114.6
1004,226.25,254.8,16.29,False,103.3,105.9
1005,164.63,158.2,11.22,False,111.0,112.4
1006,331.35,301.9,6.89,True,111.9,116.8
1007,155.42,145.9,2.95,False,110.5,111.8
1008,253.08,224.3,13.9,True,106.2,109.4
1009,101.43,93.0,13.35,False,108.7,110.1
1010,58.4,42.0,1.54,False,117.1,116.6
1011,167.36,176.8,17.89,False,107.5,108.2
1012,177.34,175.1,5.88,False,110.1,111.2
1013,167.6,185.6,5.83,False,106.7,108.2
1014,344.76,344.8,6.47,True,116.1,120.1
1015,403.48,391.8,17.37,True,110.5,111.7
1016,257.87,274.2,15.38,False,105.4,108.8
1017,349.74,331.7,12.02,False,110.0,112.5
1018,140.14,148.3,9.66,True,108.6,110.4
1019,148.97,128.0,6.9,False,118.4,120.6
1020,318.03,305.2,7.03,False,109.7,110.9
1021,139.62,117.7,6.87,False,101.7,101.6
1022,124.44,110.0,15.73,False,113.0,113.0
1023,844.51,866.7,12.74,True,120.7,128.8
1024,210.75,240.4,8.21,False,117.2,120.2
1025,178.04,175.2,17.89,False,103.4,106.3
1026,185.77,163.9,4.43,False,108.4,110.4
1027,97.07,94.6,2.77,True,109.8,111.1
1028,273.49,271.0,7.57,False,109.9,112.8
1029,156.89,195.5,17.7,False,112.3,114.0
1030,325.47,385.8,1.9,True,107.9,114.2
1031,283.1,310.4,2.84,True,104.5,108.1
1032,166.47,191.7,7.13,False,115.7,115.8
1033,87.95,65.2,17.79,False,103.3,103.3
1034,234.04,240.8,7.17,False,105.2,107.7
1035,193.97,228.9,12.69,False,103.2,104.2
1036,77.02,57.4,15.76,False,113.7,113.2
1037,244.45,291.1,12.56,False,110.6,112.2
1038,158.66,115.3,2.98,False,115.3,116.2
1039,352.59,396.7,3.95,True,105.3,107.7
1040,183.61,221.1,5.77,True,102.5,105.0
1041,144.48,161.2,14.63,False,107.3,108.4
1042,277.46,259.9,14.73,False,108.9,109.1
1043,233.97,251.0,4.31,False,111.3,112.6
1044,192.3,245.9,7.76,False,99.9,101.9
1045,371.01,368.5,3.81,False,112.9,117.0
1046,244.26,268.7,9.31,False,104.6,107.4
1047,167.32,153.0,7.51,False,106.1,105.7
1048,218.34,198.8,17.87,False,117.0,117.4
1049,437.32,473.7,7.91,True,96.9,99.9
1050,194.11,145.1,2.33,False,111.9,113.6
1051,221.38,288.5,10.09,True,111.9,116.8
1052,301.3,375.9,16.47,False,105.1,107.4
1053,275.75,303.9,7.6,False,107.3,109.3
1054,291.99,241.6,15.01,True,117.3,118.3
1055,318.42,262.7,8.38,True,121.8,125.1
1056,347.06,314.4,10.88,False,116.4,118.4
1057,135.16,144.1,9.79,False,121.3,122.5
1058,195.43,229.7,15.92,False,105.9,108.2
1059,523.63,670.9,10.87,False,100.5,104.2
1060,250.54,293.4,7.75,False,109.7,111.9
1061,271.76,246.4,14.16,False,114.8,118.9
1062,172.4,187.7,2.33,False,98.9,100.1
1063,146.44,145.1,6.0,False,104.4,105.4
1064,277.9,267.5,6.23,False,105.1,107.4
1065,207.57,277.8,10.89,False,112.1,114.4
1066,212.22,221.2,15.26,False,111.4,113.9
1067,616.8,817.4,10.64,False,105.3,108.6
1068,144.93,152.5,9.06,False,111.1,111.5
1069,131.36,132.4,2.58,False,103.1,103.6
1070,172.41,189.2,17.51,False,107.4,109.9
1071,225.43,225.1,6.38,False,102.4,102.7
1072,154.24,140.7,3.64,False,109.1,110.6
1073,240.16,264.0,15.24,False,105.2,105.8
1074,271.97,279.8,16.19,False,114.1,116.9
1075,266.09,334.6,6.43,False,109.8,112.0
1076,175.36,172.2,10.55,False,108.6,109.4
1077,397.55,452.5,14.43,False,120.6,128.2
1078,279.87,322.5,1.86,False,112.3,116.2
1079,133.29,150.7,17.78,False,107.8,107.8
1080,135.92,140.4,6.85,False,106.5,108.9
1081,243.75,196.5,9.42,False,102.9,104.0
1082,265.42,280.2,2.33,True,109.6,113.0
1083,234.28,302.5,2.27,False,111.8,115.6
1084,332.18,322.2,3.34,False,98.5,103.3
1085,540.89,647.7,6.8,False,101.8,107.5
1086,90.12,77.2,16.71,False,106.9,106.8
1087,190.26,217.8,10.0,True,103.4,105.3
1088,644.19,618.6,6.87,False,110.3,116.2
1089,297.61,342.9,8.94,False,111.1,116.3
1090,160.77,127.6,5.87,False,109.3,109.4
1091,207.2,256.7,11.8,False,113.3,115.1
1092,198.91,210.6,9.87,False,106.5,108.3
1093,235.08,206.4,7.75,False,109.7,110.9
1094,168.15,170.3,12.82,False,104.0,105.9
1095,298.99,245.4,7.96,True,111.7,114.0
1096,352.3,408.0,14.81,False,110.5,114.3
1097,188.57,179.1,11.37,False,102.8,105.1
1098,381.7,323.5,4.84,False,109.1,114.0
1099,259.6,354.1,4.19,False,109.8,114.0
1100,316.14,450.5,5.72,True,111.7,114.6
1101,135.15,139.0,16.65,False,111.9,113.1
1102,253.58,234.8,15.09,True,105.7,108.1
1103,124.06,159.3,17.54,False,114.6,117.2
1104,250.71,245.7,13.78,False,113.1,115.6
1105,248.26,244.8,16.59,True,105.7,107.9
1106,151.61,119.5,7.36,False,103.1,103.3
1107,274.4,253.7,11.73,False,106.1,109.1
1108,616.07,665.3,7.96,True,101.2,107.7
1109,329.47,303.2,15.77,False,111.2,111.5
1110,120.99,105.5,17.95,False,117.1,117.1
1111,124.06,134.0,13.8,True,118.5,119.3
1112,177.42,228.3,14.4,True,103.5,106.0
1113,135.74,135.8,16.04,False,114.7,114.4
1114,391.15,437.6,3.07,True,110.5,118.2
1115,121.12,98.1,9.45,False,95.6,95.9
1116,215.55,304.3,13.59,False,108.0,112.5
1117,93.47,86.2,11.48,False,107.3,107.3
1118,229.83,226.3,10.42,False,117.3,120.4
1119,143.69,124.5,7.87,True,104.8,106.6
1120,371.08,334.2,5.14,False,113.4,118.9
1121,360.04,398.9,16.72,False,109.4,112.8
1122,235.66,279.7,13.61,False,101.3,105.2
1123,283.39,408.7,11.62,False,106.7,113.0
1124,72.94,49.1,2.91,True,119.2,118.8
1125,211.7,251.9,3.34,False,109.0,111.6
1126,307.39,302.0,8.63,True,115.4,116.6
1127,351.68,323.1,3.57,True,115.1,118.2
1128,76.13,71.6,3.96,False,107.3,107.8
1129,291.29,292.5,2.84,True,102.3,106.0
1130,351.77,326.9,6.35,True,103.1,106.5
1131,260.77,250.3,1.68,True,118.7,120.2
1132,88.95,106.1,13.58,False,110.9,111.2
1133,146.23,169.6,11.39,False,99.6,101.3
1134,335.16,438.8,9.88,False,115.0,121.8
1135,398.05,412.7,17.78,False,99.3,100.1
1136,292.5,299.0,9.45,False,105.0,106.8
1137,213.69,338.0,15.85,False,110.5,114.7
1138,338.45,387.0,4.62,False,125.1,129.3
1139,303.97,297.2,5.87,False,114.9,116.4
1140,402.97,432.2,6.92,True,107.1,113.4
1141,384.44,424.6,17.84,False,110.2,116.9
1142,657.51,776.8,16.48,True,115.5,121.8
1143,155.54,173.7,8.9,False,118.5,120.1
1144,176.44,175.5,15.43,False,108.5,108.5
1145,40.4,37.7,5.35,False,108.7,109.0
1146,287.27,285.3,11.28,False,105.0,109.8
1147,578.04,599.2,4.17,True,114.0,120.4
1148,418.02,450.3,10.99,False,116.2,125.0
1149,384.05,360.5,5.17,False,98.4,100.9
1150,402.72,466.8,11.16,False,107.6,114.3
1151,225.32,304.9,8.57,True,102.7,106.8
1152,211.92,197.8,10.72,False,110.9,113.4
1153,610.79,678.6,4.16,False,102.6,111.5
1154,300.55,293.0,9.86,False,102.1,103.8
1155,319.39,419.7,6.72,True,116.7,119.2
1156,79.61,48.9,3.88,False,109.0,109.2
1157,74.04,54.9,9.76,False,109.6,109.8
1158,240.95,256.2,3.78,False,112.6,114.9
1159,128.3,135.9,8.55,True,115.8,116.2
1160,295.83,269.2,6.83,True,107.5,108.2
1161,151.72,175.3,10.46,False,107.6,109.1
1162,964.02,837.6,9.48,False,107.6,115.6
1163,340.02,401.9,3.72,True,116.5,120.5
1164,550.83,490.9,6.1,False,109.6,113.7
1165,81.16,61.7,10.69,False,108.3,107.9
1166,397.8,357.9,15.26,False,112.3,114.0
1167,176.53,211.1,2.48,False,121.0,124.2
1168,451.69,495.9,3.0,True,110.4,117.2
1169,330.46,330.3,14.65,False,108.4,112.4
1170,237.55,228.5,7.11,False,121.7,124.7
1171,135.3,112.9,5.74,False,118.0,118.7
1172,218.56,253.5,5.29,False,117.1,120.6
1173,399.75,433.5,17.52,False,107.0,112.5
1174,546.87,511.2,9.93,False,106.4,109.0
1175,169.24,190.5,4.15,False,99.0,100.5
1176,731.18,764.5,8.2,True,115.8,129.0
1177,379.03,415.5,5.8,True,110.5,114.2
1178,149.58,137.5,4.28,True,99.2,99.9
1179,124.48,119.4,17.65,False,117.2,118.2
1180,191.39,218.7,8.84,True,108.0,109.3
1181,183.21,190.3,12.91,False,108.7,110.4
1182,297.85,306.3,16.33,False,100.9,105.6
1183,231.27,239.0,4.89,False,113.0,114.9
1184,218.38,199.5,3.61,True,113.0,114.1
1185,107.35,89.2,5.79,False,109.7,109.4
1186,321.76,335.8,13.26,False,107.5,112.2
1187,84.09,84.6,7.8,False,125.8,126.1
1188,319.19,416.3,9.57,False,102.8,109.1
1189,93.1,66.0,1.83,False,105.7,104.9
1190,84.53,81.7,1.57,False,114.2,114.1
1191,140.78,137.1,8.22,False,103.9,105.2
1192,181.44,180.7,3.98,False,103.5,105.3
1193,155.07,159.8,14.55,False,116.8,117.2
1194,158.21,180.2,17.2,True,113.6,113.5
1195,228.39,272.2,16.77,False,112.9,113.3
1196,140.89,139.0,9.18,False,111.1,112.4
1197,234.55,273.6,6.23,False,105.8,108.6
1198,70.4,49.3,9.48,True,108.5,109.2
1199,134.74,135.9,3.22,False,109.5,109.3
1200,86.28,79.2,17.07,False,115.1,114.9
1201,387.52,413.7,12.58,False,112.6,116.6
1202,160.5,150.1,6.23,True,104.4,105.9
1203,290.3,324.4,14.03,False,114.7,115.5
1204,93.41,70.9,5.54,True,99.9,99.9
1205,388.3,506.6,13.9,False,108.1,111.8
1206,271.42,246.8,8.13,False,103.1,105.9
1207,568.13,643.9,15.75,False,104.9,113.9
1208,223.79,231.1,17.83,False,121.6,124.8
1209,97.79,89.9,6.78,False,101.2,100.9
1210,111.55,126.0,10.59,True,105.1,105.3
1211,151.26,203.2,5.43,False,113.1,113.9
1212,125.52,129.0,14.71,False,107.2,107.4
1213,385.79,391.6,9.62,False,110.9,112.2
1214,195.64,242.6,17.73,False,118.6,120.3
1215,112.55,129.9,16.13,False,113.9,116.2
1216,288.02,359.3,6.0,True,107.2,113.7
1217,168.46,187.9,3.47,False,109.2,111.2
1218,306.55,350.4,11.73,False,113.2,117.8
1219,173.95,170.8,6.75,True,113.8,115.9
1220,335.0,312.1,5.69,True,110.1,113.7
1221,213.82,184.1,10.49,True,112.2,113.9
1222,453.56,391.7,10.38,False,112.2,115.2
1223,75.01,71.8,10.37,True,109.4,109.8
1224,105.83,107.5,6.35,False,106.4,107.6
1225,219.13,213.8,4.06,True,114.5,115.8
1226,143.06,154.1,4.53,False,111.8,113.6
1227,194.32,180.8,13.38,False,97.5,99.1
1228,322.46,332.0,9.22,True,105.0,110.2
1229,216.04,178.6,9.24,True,107.1,108.9
1230,291.76,279.1,17.62,False,108.8,111.7
1231,157.6,135.4,16.65,False,117.2,118.4
1232,73.26,62.8,2.57,True,129.2,129.1
1233,316.96,349.2,14.66,False,95.2,97.1
1234,485.53,569.5,5.59,False,111.8,114.8
1235,208.05,263.0,13.42,False,110.4,112.0
1236,251.27,220.5,4.36,False,108.9,111.0
1237,258.69,247.6,3.9,True,113.3,117.1
1238,405.11,468.7,17.0,False,110.9,116.7
1239,286.4,264.8,10.71,False,107.8,110.2
1240,303.23,358.6,7.27,False,110.2,113.2
1241,250.55,349.9,16.2,False,113.3,118.5
1242,430.33,409.9,6.28,True,112.8,116.6
1243,170.97,217.8,2.55,True,111.1,113.7
1244,157.42,169.4,8.01,False,106.5,107.3
1245,300.06,314.1,13.17,False,126.9,127.9
1246,383.76,394.1,12.42,False,112.2,119.0
1247,441.02,435.2,9.32,False,114.6,118.4
1248,488.53,500.3,9.92,False,107.0,112.0
1249,361.51,374.8,10.24,False,111.1,112.1
1250,145.98,164.0,7.68,False,111.1,112.2
1251,246.68,262.8,2.87,False,98.5,102.6
1252,191.55,249.9,4.1,False,105.7,108.4
1253,257.77,234.8,13.45,False,105.6,109.2
1254,245.99,314.4,14.87,False,106.4,108.1
1255,199.63,206.4,8.03,True,103.6,104.2
1256,168.62,206.6,6.93,False,110.3,114.3
1257,466.1,588.5,11.53,False,118.4,123.9
1258,217.9,224.3,1.86,True,110.8,114.5
1259,355.44,408.3,10.9,False,102.9,108.2
1260,443.23,421.2,9.24,False,103.8,106.1
1261,265.06,266.9,8.79,False,107.7,111.8
1262,190.44,211.3,1.52,True,101.5,103.3
1263,136.32,138.7,17.06,False,111.8,113.6
1264,108.24,83.9,4.36,False,118.1,118.4
1265,328.88,326.9,3.36,True,106.5,110.5
1266,244.05,291.2,7.87,True,110.5,113.8
1267,297.38,353.6,14.35,True,107.4,110.3
1268,188.78,175.8,14.12,True,106.2,108.2
1269,577.05,621.2,9.94,False,111.1,114.3
1270,238.45,305.5,10.56,False,106.0,108.1
1271,238.44,219.5,9.01,False,105.1,106.1
1272,64.26,60.4,1.92,True,100.3,101.1
1273,215.35,187.4,6.08,True,110.4,111.8
1274,358.74,362.9,7.92,False,116.4,120.3
1275,377.6,493.2,10.65,False,114.2,120.9
1276,209.37,239.4,12.37,True,119.0,122.8
1277,445.64,537.2,17.8,False,106.0,115.2
1278,135.42,132.5,9.87,True,115.1,116.7
1279,273.48,296.1,12.59,False,103.4,105.8
1280,242.12,300.7,17.35,False,114.3,118.3
1281,249.02,328.3,6.1,False,119.9,121.9
1282,258.55,258.1,8.99,False,113.0,114.5
1283,289.43,287.1,13.4,False,120.0,121.9
1284,131.15,130.6,10.83,True,106.4,107.1
1285,429.84,467.5,16.24,False,109.2,115.0
1286,324.33,386.4,10.84,True,104.5,108.7
1287,268.68,280.9,16.72,True,110.2,114.0
1288,482.41,391.4,3.95,False,111.6,117.8
1289,499.62,475.7,14.76,False,110.2,112.6
1290,290.72,325.7,5.02,True,107.2,109.8
1291,545.4,657.9,2.31,True,107.1,109.7
1292,200.06,340.7,3.34,False,112.1,114.3
1293,175.31,142.9,11.08,True,109.0,110.5
1294,284.18,273.1,6.3,False,103.1,103.9
1295,335.33,399.8,3.88,True,98.6,100.6
1296,348.75,475.9,11.88,False,106.4,110.5
1297,197.72,261.2,9.55,True,101.7,103.5
1298,147.96,136.3,7.78,False,105.0,106.5
1299,205.62,208.7,10.34,False,107.5,111.4
1300,123.55,102.4,15.71,False,109.1,110.3
1301,336.31,360.1,13.46,False,106.0,109.7
1302,208.02,186.1,9.67,True,123.1,125.4
1303,170.39,156.4,15.07,True,102.4,104.5
1304,392.35,379.4,15.73,False,117.3,120.4
1305,345.67,531.4,7.71,False,109.0,116.0
1306,132.91,156.0,3.97,False,106.1,108.3
1307,224.84,262.2,3.4,True,113.5,117.5
1308,239.22,213.7,12.04,False,107.3,108.6
1309,552.39,487.9,16.95,False,105.2,111.5
1310,214.9,227.8,2.14,True,120.7,123.9
1311,121.51,128.7,9.7,False,96.8,98.5
1312,173.83,234.0,4.71,False,108.5,110.2
1313,436.73,433.1,10.27,True,111.1,113.8
1314,186.8,206.6,15.63,False,118.4,120.3
1315,224.39,165.7,14.48,True,107.6,109.2
1316,196.33,222.1,17.53,False,126.0,129.9
1317,163.92,131.2,9.49,True,114.6,115.6
1318,228.46,213.5,12.45,True,95.8,97.4
1319,147.1,173.0,16.33,False,101.3,103.4
1320,656.61,723.4,13.01,True,111.4,122.5
1321,94.46,69.0,17.41,False,103.1,102.9
1322,137.3,142.5,5.55,False,113.3,115.3
1323,186.83,165.6,3.73,True,107.3,108.7
1324,150.35,131.7,3.96,False,102.8,103.0
1325,291.11,297.7,15.56,False,104.2,105.1
1326,162.67,154.3,2.37,True,115.1,115.8
1327,94.47,95.8,14.86,True,97.9,98.1
1328,236.49,249.2,9.16,True,116.3,117.3
1329,204.09,199.8,12.91,False,116.4,118.7
1330,131.6,158.6,13.8,False,108.0,108.8
1331,444.88,481.3,8.5,False,101.6,107.6
1332,282.28,303.2,3.91,True,113.3,116.2
1333,224.55,284.7,11.68,False,107.1,108.5
1334,271.89,306.9,17.28,False,100.9,104.2
1335,259.47,298.3,1.92,True,121.5,127.2
1336,248.56,205.7,5.24,False,104.7,107.8
1337,168.0,155.3,15.93,False,101.2,101.5
1338,273.74,252.3,2.65,False,111.7,113.5
1339,189.76,203.5,1.67,False,109.6,110.4
1340,73.31,68.5,15.98,False,118.9,118.2
1341,139.69,124.9,14.17,False,107.7,108.7
1342,160.26,189.0,5.69,True,107.8,109.9
1343,340.94,383.9,17.45,False,112.0,116.7
1344,203.28,252.9,13.25,False,111.2,112.2
1345,153.61,139.4,3.47,False,111.4,113.3
1346,146.61,118.5,9.1,True,111.6,112.0
1347,436.34,428.8,15.77,False,111.0,113.9
1348,246.91,211.1,12.52,True,107.5,110.5
1349,74.44,35.3,11.17,False,115.0,114.2
1350,162.32,218.9,8.38,False,107.8,110.0
1351,266.21,339.6,5.59,True,114.8,116.6
1352,113.13,116.4,11.62,False,118.3,118.6
1353,249.92,242.3,4.04,False,105.9,106.5
1354,223.6,255.2,14.86,False,124.4,127.4
1355,115.75,120.6,4.96,False,105.7,106.4
1356,387.51,450.1,3.49,True,105.8,110.2
1357,254.44,257.7,2.69,False,113.2,117.4
1358,151.82,188.5,14.95,False,112.6,115.4
1359,174.75,211.9,9.22,False,110.4,113.7
1360,108.95,107.1,8.08,False,114.9,116.3
1361,132.06,104.4,10.1,False,111.5,112.7
1362,172.03,178.5,11.19,True,122.4,125.4
1363,167.64,184.9,16.03,False,109.7,110.8
1364,150.55,204.1,7.17,True,104.9,105.9
1365,477.99,471.8,4.59,True,106.7,109.1
1366,271.23,329.6,15.84,False,112.8,115.4
1367,86.28,75.2,9.43,False,112.9,112.6
1368,302.23,423.6,11.06,False,111.2,114.1
1369,146.05,177.6,4.11,False,104.9,104.5
1370,287.27,347.0,15.73,False,116.7,120.1
1371,178.1,185.9,16.98,False,121.6,122.6
1372,197.15,248.6,8.89,False,110.2,111.7
1373,117.69,112.0,1.83,False,120.9,121.3
1374,253.85,279.6,1.95,True,115.2,116.7
1375,440.56,368.7,6.49,True,123.3,127.1
1376,86.23,84.1,9.62,False,112.8,112.8
1377,348.35,371.8,8.64,False,110.8,116.1
1378,165.97,154.9,10.89,False,115.1,116.7
1379,426.32,554.0,5.75,False,107.4,109.5
1380,323.02,350.5,4.96,False,112.4,118.4
1381,318.04,317.9,17.57,False,118.0,123.5
1382,205.64,212.6,6.13,True,114.9,117.6
1383,827.3,795.8,17.12,False,109.8,123.4
1384,140.01,178.3,10.93,False,111.2,112.5
1385,122.01,126.6,2.65,True,114.5,114.5
1386,186.89,158.1,11.32,False,114.3,114.5
1387,422.28,405.1,17.76,False,114.5,117.6
1388,243.45,245.9,15.35,False,112.0,114.7
1389,249.86,226.0,6.51,False,105.1,108.6
1390,146.48,179.8,3.08,True,106.0,106.8
1391,231.81,219.5,9.1,False,112.8,114.5
1392,206.09,172.7,3.13,False,115.0,117.0
1393,286.66,334.3,6.41,False,114.2,114.7
1394,266.26,201.4,16.65,False,105.9,106.4
1395,171.27,159.8,12.28,False,109.1,109.8
1396,252.01,386.8,14.43,False,103.0,106.0
1397,138.2,129.1,10.42,False,101.7,102.3
1398,213.72,247.9,4.27,False,110.5,112.6
1399,87.57,68.2,3.98,True,118.1,117.8
1400,115.6,99.3,14.14,True,110.6,110.3
1401,172.22,189.2,8.58,True,121.4,124.0
1402,209.52,170.9,9.75,True,109.0,109.8
1403,192.4,170.8,4.45,False,110.2,111.2
1404,301.27,352.3,7.47,True,104.1,104.8
1405,316.55,363.5,3.68,False,107.9,113.5
1406,269.54,274.8,4.87,False,102.9,105.9
1407,124.01,125.0,16.17,True,100.7,101.5
1408,209.42,218.5,13.33,True,103.0,104.7
1409,534.02,596.4,15.56,True,110.5,116.5
1410,561.48,753.1,15.92,False,105.6,117.5
1411,250.08,388.8,11.23,False,107.0,114.1
1412,131.4,127.9,6.52,True,112.5,112.0
1413,152.28,219.6,9.63,True,100.7,102.3
1414,228.59,264.9,1.81,False,110.5,112.6
1415,178.32,243.3,14.99,False,115.1,118.2
1416,293.85,410.9,14.74,False,115.6,117.5
1417,334.45,343.9,9.89,False,113.1,116.4
1418,125.67,123.8,7.73,True,109.7,110.7
1419,153.56,162.1,4.35,False,106.3,107.3
1420,291.91,387.9,2.75,False,109.5,115.9
1421,397.06,480.2,6.86,True,119.9,122.1
1422,270.84,266.7,16.97,False,111.6,115.3
1423,462.07,512.4,2.63,False,109.4,117.3
1424,256.27,250.2,17.16,False,113.4,115.0
1425,162.16,136.9,10.22,False,110.3,110.8
1426,295.59,327.2,8.77,False,111.4,115.1
1427,608.55,934.6,3.53,False,108.5,121.2
1428,107.6,107.6,2.68,True,107.5,107.1
1429,448.68,502.0,10.48,False,116.0,125.4
1430,265.3,317.2,11.38,False,98.3,102.8
1431,140.62,156.5,8.66,False,112.9,115.3
1432,80.08,69.2,6.24,False,107.1,107.4
1433,96.61,54.0,1.72,False,98.6,97.7
1434,150.37,170.6,5.9,True,104.2,105.5
1435,273.78,289.4,13.29,False,109.8,112.0
1436,284.95,372.7,11.5,False,110.6,112.0
1437,447.68,419.8,4.11,True,114.4,117.1
1438,284.55,275.5,14.59,False,114.8,118.4
1439,269.79,252.4,3.95,False,100.7,101.6
1440,219.8,192.8,14.63,False,112.3,113.1
1441,253.33,293.3,9.96,False,114.4,117.6
1442,148.01,157.9,13.33,False,111.3,112.9
1443,142.85,111.1,2.87,True,113.0,113.4
1444,242.76,243.8,13.73,False,98.4,100.4
1445,242.61,357.4,13.4,False,104.1,106.8
1446,118.26,97.3,4.39,True,118.2,118.7
1447,167.24,170.6,3.77,False,108.3,109.8
1448,262.33,238.8,13.85,False,123.3,124.9
1449,235.4,236.0,8.37,True,102.3,103.6
1450,221.07,312.6,12.19,True,119.4,124.4
1451,529.67,587.2,1.65,False,106.3,109.5
1452,70.5,54.3,4.53,False,115.2,114.3
1453,571.43,601.6,13.81,False,108.2,113.1
1454,547.58,573.1,4.78,False,110.7,121.2
1455,411.15,376.1,2.82,True,113.6,117.0
1456,259.74,264.0,4.39,True,106.3,110.1
1457,163.06,159.7,15.23,False,114.8,117.0
1458,400.46,373.6,7.22,True,108.4,113.4
1459,321.26,271.6,10.25,False,111.1,111.9
1460,205.62,195.2,11.03,True,94.1,95.7
1461,354.6,368.3,7.65,False,108.0,113.4
1462,392.31,403.2,3.05,False,117.6,124.5
1463,444.87,478.2,5.74,True,114.2,122.4
1464,160.94,149.5,4.1,False,115.3,116.8
1465,512.04,445.0,16.51,False,110.3,115.4
1466,179.63,197.3,13.71,False,120.1,121.8
1467,286.04,264.4,15.08,False,111.7,114.9
1468,272.99,293.4,14.9,False,106.0,108.1
1469,299.08,425.4,1.54,True,115.1,117.4
1470,311.55,347.9,13.86,False,115.5,118.6
1471,180.31,193.3,9.45,False,113.8,113.9
1472,78.55,58.6,14.28,False,107.6,106.9
1473,298.6,310.5,17.34,False,111.7,114.5
1474,218.99,258.3,7.4,True,118.4,121.9
1475,129.84,106.8,11.48,False,112.9,113.1
1476,299.43,275.6,6.53,False,101.1,103.3
1477,266.7,237.1,16.25,False,106.2,109.4
1478,443.05,475.6,5.69,False,105.9,111.1
1479,556.0,624.0,7.3,True,105.5,112.2
1480,392.54,397.8,16.15,False,97.3,101.6
1481,207.95,229.3,3.16,False,121.3,122.2
1482,238.27,249.3,9.65,False,104.7,107.2
1483,143.45,146.4,11.09,False,105.2,107.6
1484,138.57,163.1,11.05,False,98.3,98.5
1485,212.74,221.8,3.48,False,115.2,117.9
1486,187.0,208.8,2.15,False,109.5,110.2
1487,114.84,103.1,8.37,True,107.9,108.8
1488,452.98,478.3,8.99,False,108.2,115.9
1489,533.92,514.8,17.05,False,113.5,121.2
1490,380.91,470.0,13.97,False,107.1,112.9
1491,447.53,524.4,11.38,False,98.1,104.6
1492,565.93,722.7,4.97,False,102.3,105.8
1493,123.59,148.1,16.37,False,101.9,102.9
1494,579.01,705.7,4.69,False,111.7,121.4
1495,179.87,192.6,17.13,False,115.6,115.8
1496,328.37,336.4,17.11,False,118.8,120.7
1497,106.65,88.3,17.64,False,100.2,101.0
1498,158.04,178.4,6.17,True,113.7,114.5
1499,427.21,404.0,3.77,True,106.3,112.6
1500,362.2,345.3,11.87,False,127.5,129.2
1501,176.52,190.4,8.48,False,118.3,119.9
1502,280.16,249.2,7.91,False,120.2,122.2
1503,179.9,167.5,10.68,False,114.8,116.1
1504,361.89,403.4,12.88,True,112.3,116.5
1505,465.43,495.7,6.98,True,107.6,111.9
1506,150.4,148.4,7.03,True,106.4,107.8
1507,242.42,235.1,11.57,False,105.2,108.5
1508,106.4,100.5,2.68,True,113.7,114.7
1509,240.53,271.0,13.05,False,119.4,121.9
1510,210.31,317.1,14.68,False,107.9,111.0
1511,285.09,283.5,16.02,False,105.7,107.8
1512,269.78,303.5,13.94,False,101.1,102.6
1513,230.31,221.1,9.86,True,111.5,112.3
1514,232.54,224.1,15.92,False,117.4,120.8
1515,196.14,218.2,9.6,True,117.7,120.9
1516,192.08,175.3,14.49,False,118.3,118.9
1517,193.5,188.2,2.55,False,112.5,112.8
1518,298.54,309.2,13.2,True,110.5,116.4
1519,419.9,478.6,2.89,True,117.7,122.3
1520,166.18,133.1,1.96,True,103.3,103.3
1521,192.03,223.6,9.79,True,107.4,110.3
1522,118.53,116.5,3.47,True,120.3,121.3
1523,150.03,177.2,6.86,True,103.6,105.5
1524,210.28,194.7,14.27,False,109.8,112.9
1525,229.74,260.4,10.58,True,113.8,116.1
1526,229.84,256.4,13.6,False,110.5,114.1
1527,203.91,233.9,14.43,False,116.9,118.8
1528,280.25,295.4,9.42,False,119.2,120.5
1529,126.37,140.9,17.76,False,112.9,115.0
1530,180.38,261.6,4.83,True,118.3,123.1
1531,338.76,350.7,2.9,True,104.4,110.4
1532,112.95,139.8,6.76,False,109.1,108.7
1533,92.71,78.0,14.08,False,124.4,125.0
1534,439.31,401.6,3.09,True,121.7,122.9
1535,122.26,118.8,9.2,False,102.3,103.0
1536,191.81,172.1,10.93,False,109.9,111.7
1537,315.96,345.2,14.83,False,110.8,113.6
1538,167.39,135.6,15.46,False,112.5,112.8
1539,323.4,386.7,5.44,False,117.6,122.9
1540,112.32,157.7,6.02,False,121.0,122.6
1541,139.29,146.4,12.79,False,110.2,111.3
1542,158.53,116.9,15.69,False,116.7,116.8
1543,170.96,158.5,4.28,True,113.9,115.3
1544,278.08,320.3,13.42,False,109.9,112.3
1545,179.24,172.1,5.42,False,99.8,100.9
1546,417.05,402.5,4.48,False,116.1,119.1
1547,230.75,239.2,7.07,True,113.6,115.1
1548,309.64,251.0,14.61,False,112.3,114.1
1549,144.85,143.8,13.75,False,104.1,106.9
1550,453.12,434.8,9.4,False,121.8,128.5
1551,356.24,352.2,13.28,True,110.9,115.4
1552,290.14,346.9,8.2,False,103.2,104.5
1553,180.41,213.9,4.97,False,102.2,105.1
1554,123.97,108.2,15.41,False,114.1,115.1
1555,251.81,258.5,2.39,False,114.2,117.8
1556,309.66,312.9,16.37,False,107.2,110.7
1557,234.29,314.6,14.52,False,112.8,117.0
1558,295.71,291.9,13.44,False,114.0,115.4
1559,287.06,285.4,10.89,True,110.8,114.4
1560,162.52,157.3,14.87,False,105.8,107.5
1561,167.57,161.8,1.97,False,115.8,116.8
1562,130.02,117.5,11.25,False,115.0,116.5
1563,335.0,405.0,5.81,True,113.4,115.7
1564,517.29,608.6,12.05,True,105.0,107.4
1565,757.7,925.1,12.63,False,102.0,116.4
1566,319.58,268.4,5.04,False,110.5,113.5
1567,297.38,285.8,4.05,False,115.6,116.3
1568,189.54,218.8,11.19,True,116.2,117.2
1569,316.04,266.1,17.02,False,113.5,115.2
1570,132.94,135.3,12.45,False,107.3,107.4
1571,209.91,216.3,9.49,False,105.2,106.6
1572,154.31,147.1,16.94,False,109.9,109.6
1573,140.57,200.7,15.01,False,110.0,112.2
1574,150.0,154.5,13.59,False,116.6,117.8
1575,265.3,313.0,8.72,False,107.1,110.6
1576,316.4,334.5,9.61,False,107.6,113.9
1577,283.35,281.0,5.87,True,122.3,123.3
1578,160.99,162.2,14.98,False,119.3,119.7
1579,112.51,112.7,6.2,False,104.7,104.3
1580,350.07,336.5,13.11,False,118.8,121.7
1581,244.91,238.5,15.94,False,103.3,105.3
1582,97.64,76.0,10.61,True,107.4,107.5
1583,251.25,257.3,4.08,False,108.1,112.0
1584,324.26,286.9,1.91,False,109.5,114.9
1585,106.12,91.4,12.61,False,113.7,114.1
1586,276.01,316.0,5.21,False,110.6,110.9
1587,87.16,99.9,2.14,True,113.7,115.1
1588,125.26,152.1,7.16,True,107.6,110.1
1589,102.82,100.3,11.11,False,112.2,111.5
1590,141.49,143.0,10.6,False,110.5,112.0
1591,108.03,113.3,4.26,True,101.7,101.8
1592,391.99,403.7,11.47,False,112.9,118.6
1593,191.63,207.5,8.28,False,110.6,112.5
1594,159.19,183.2,9.38,False,105.7,106.5
1595,418.61,424.3,15.93,False,107.5,111.1
1596,445.46,412.6,2.8,False,107.6,112.5
1597,174.12,191.6,10.21,False,108.5,110.6
1598,273.79,278.0,4.36,False,120.6,125.2
1599,134.44,169.4,4.52,True,122.5,124.0
1600,176.9,225.4,11.57,False,93.6,96.7
1601,120.64,125.5,12.55,True,112.9,114.0
1602,327.97,300.2,11.5,False,115.7,120.0
1603,356.08,433.3,16.74,False,108.7,111.0
1604,316.26,392.8,14.61,False,115.6,119.2
1605,236.32,244.7,4.78,False,119.9,122.2
1606,90.45,71.7,11.99,False,101.8,102.0
1607,139.23,165.0,11.74,False,110.8,111.1
1608,265.48,225.2,12.17,False,121.7,122.2
1609,112.47,104.7,8.58,False,102.6,103.6
1610,96.82,94.3,17.14,False,109.3,109.6
1611,415.14,497.6,9.15,False,107.3,115.3
1612,356.15,368.3,14.52,False,116.3,122.1
1613,339.79,312.9,9.44,False,117.1,120.5
1614,390.44,345.6,14.49,True,111.0,113.9
1615,120.52,115.5,8.03,False,110.2,111.1
1616,163.1,140.2,1.51,True,99.7,101.9
1617,269.44,268.9,9.75,True,118.5,122.3
1618,289.69,280.5,10.54,False,107.9,112.4
1619,107.9,101.1,3.41,False,109.1,109.2
1620,242.46,258.5,12.48,True,115.8,120.1
1621,247.68,227.5,15.59,False,111.2,112.8
1622,398.74,386.1,15.83,False,116.0,120.1
1623,319.59,281.2,7.72,True,113.6,114.9
1624,493.02,528.3,8.27,False,111.2,113.3
1625,186.28,192.2,15.66,False,111.9,113.2
1626,98.47,120.1,17.97,False,103.3,104.5
1627,363.35,520.8,2.37,True,109.1,112.3
1628,256.77,289.2,2.52,False,116.5,120.5
1629,186.49,228.3,2.4,True,104.6,105.2
1630,164.77,143.3,9.13,False,105.7,105.7
1631,153.98,193.5,14.45,False,104.7,106.6
1632,171.72,187.8,3.05,False,110.9,111.4
1633,108.66,117.0,12.87,True,118.4,119.1
1634,87.05,59.4,4.32,False,113.3,112.2
1635,175.21,185.3,2.04,False,96.9,98.4
1636,346.33,350.3,11.33,False,113.9,115.7
1637,424.93,453.2,11.3,True,107.3,112.2
1638,407.0,394.2,6.17,True,113.1,115.6
1639,415.5,406.5,6.82,True,109.1,110.8
1640,133.99,125.2,7.34,False,104.8,105.1
1641,204.03,271.7,16.83,False,109.6,111.1
1642,280.05,314.2,15.79,False,107.4,112.7
1643,299.56,325.1,10.2,False,111.8,114.4
1644,224.77,225.5,17.4,False,104.7,107.1
1645,216.51,253.7,11.1,False,103.3,107.0
1646,399.99,387.9,3.18,True,114.4,116.8
1647,281.21,308.1,9.54,False,116.7,122.1
1648,277.0,339.2,16.26,False,113.5,118.3
1649,172.95,180.4,12.43,False,106.1,108.5
1650,381.48,329.6,17.22,False,105.6,110.2
1651,273.02,251.9,10.26,False,105.9,106.6
1652,378.62,367.1,16.55,False,115.3,119.9
1653,141.2,157.2,14.15,False,105.0,105.9
1654,300.95,351.2,15.07,False,115.3,119.7
1655,180.13,195.0,17.86,False,113.8,115.3
1656,335.35,352.1,6.49,False,117.4,119.7
1657,256.37,272.6,11.86,False,116.4,121.5
1658,216.6,241.8,5.73,True,113.3,115.0
1659,195.38,201.0,15.59,False,101.2,101.7
1660,204.09,228.8,11.17,False,113.7,114.4
1661,174.41,185.5,4.4,False,110.7,113.3
1662,221.95,198.6,8.45,True,107.8,108.8
1663,220.2,303.6,4.5,True,118.2,120.0
1664,107.06,83.5,9.06,False,109.1,110.3
1665,381.08,349.5,2.78,False,106.8,107.8
1666,323.79,352.7,17.43,False,116.7,119.4
1667,185.22,204.4,11.34,False,107.6,110.7
1668,263.06,257.4,17.85,False,106.5,107.7
1669,136.7,134.6,4.37,True,103.2,103.8
1670,273.99,293.1,7.84,False,105.1,108.0
1671,124.72,144.4,16.87,False,105.6,106.7
1672,55.25,39.2,12.92,True,113.7,113.2
1673,404.4,443.9,2.66,True,103.9,109.8
1674,111.92,125.9,16.07,False,98.9,100.1
1675,216.37,226.1,4.62,False,111.8,113.9
1676,284.64,262.7,5.82,False,106.2,108.8
1677,344.74,303.3,13.57,False,109.9,113.9
1678,225.92,237.3,13.23,True,117.7,118.4
1679,301.68,275.4,12.4,False,110.4,113.2
1680,205.44,201.7,1.59,True,119.1,120.0
1681,95.35,92.7,5.61,False,109.6,109.5
1682,166.54,232.3,7.19,False,116.0,119.9
1683,370.99,325.9,8.11,False,106.7,106.9
1684,109.62,130.5,2.72,False,110.6,110.9
1685,294.68,264.2,12.64,True,104.4,105.8
1686,572.06,584.8,16.21,False,105.1,112.3
1687,199.25,223.9,17.83,False,108.7,111.5
1688,232.24,230.3,14.67,True,102.0,103.3
1689,129.13,88.2,4.84,False,111.0,111.6
1690,157.3,121.6,9.94,False,108.2,109.6
1691,139.01,145.4,16.61,False,111.4,112.8
1692,273.52,319.0,2.6,True,102.1,106.4
1693,150.92,135.7,5.27,False,114.2,113.9
1694,77.62,71.0,5.87,False,120.2,120.5
1695,315.94,289.8,11.56,False,118.9,121.1
1696,170.53,153.1,17.2,False,121.4,121.9
1697,83.93,90.3,9.46,False,110.3,110.9
1698,332.88,340.1,10.8,False,107.9,111.3
1699,182.66,188.9,12.06,True,112.9,115.7
1700,286.76,304.5,15.55,False,108.6,112.9
1701,108.37,88.4,6.22,True,99.6,99.6
1702,82.94,55.9,11.83,True,114.9,115.0
1703,266.62,250.7,16.77,False,108.6,111.2
1704,111.24,119.0,16.99,False,101.2,101.1
1705,232.28,248.7,7.81,False,107.0,110.0
1706,226.7,251.7,3.34,False,108.7,108.7
1707,173.4,234.4,16.75,False,110.1,113.9
1708,368.5,404.8,16.7,False,110.1,111.7
1709,940.71,852.7,3.1,True,118.2,125.9
1710,215.77,287.1,2.84,True,102.3,104.1
1711,516.94,584.5,4.55,True,109.1,113.9
1712,182.58,191.8,12.17,False,104.7,105.6
1713,124.53,106.1,6.49,True,117.5,117.8
1714,142.5,159.1,5.46,True,106.6,106.2
1715,158.63,198.3,14.69,False,107.9,110.0
1716,446.9,611.2,5.52,False,116.3,122.8
1717,272.46,241.8,17.35,False,117.9,119.5
1718,321.0,412.9,8.73,False,118.8,120.7
1719,176.42,182.9,8.47,True,100.1,100.4
1720,210.93,170.5,17.07,False,112.9,113.8
1721,99.25,86.3,3.48,False,111.6,111.5
1722,553.52,600.6,3.4,False,109.7,113.2
1723,502.71,487.0,8.65,False,110.4,119.5
1724,282.3,265.7,11.19,False,117.7,119.9
1725,156.55,204.9,9.88,False,116.2,118.1
1726,217.02,246.9,17.26,False,115.4,119.0
1727,107.11,103.5,17.89,False,111.2,111.4
1728,352.53,304.2,2.17,False,123.6,124.9
1729,383.58,465.4,4.23,True,107.6,111.3
1730,400.34,478.0,10.63,False,100.3,106.1
1731,100.07,88.4,17.18,False,108.4,109.6
1732,408.73,410.8,6.12,True,110.3,114.5
1733,120.55,103.9,7.56,False,117.8,119.3
1734,66.53,58.2,5.31,True,106.9,106.6
1735,360.93,419.2,17.46,False,112.9,118.6
1736,172.09,174.6,4.04,False,101.1,101.1
1737,410.97,387.7,10.82,False,116.5,122.4
1738,332.59,369.2,1.88,True,110.4,113.0
1739,310.4,344.1,11.43,False,108.3,111.0
1740,212.11,245.2,7.98,False,122.8,125.7
1741,142.98,110.9,10.83,False,116.4,118.2
1742,201.86,198.6,2.82,False,103.8,105.3
1743,501.69,482.3,3.0,False,109.3,112.2
1744,359.78,393.1,3.02,True,126.4,132.8
1745,198.52,204.5,15.28,False,121.9,124.9
1746,160.85,203.1,13.45,False,115.5,117.9
1747,222.47,327.6,3.62,False,98.9,101.2
1748,275.23,255.1,6.71,False,118.0,119.7
1749,199.88,210.5,8.7,False,106.2,109.2
1750,306.14,312.9,3.13,True,117.9,119.2
1751,236.4,307.2,15.36,False,105.7,110.2
1752,146.62,161.6,7.49,True,112.9,114.1
1753,301.01,283.4,12.56,False,106.2,111.6
1754,338.79,297.1,12.09,False,107.8,111.0
1755,214.38,235.0,16.59,False,113.7,115.8
1756,165.74,151.7,13.74,True,102.1,103.7
1757,193.5,195.1,2.07,False,124.2,127.2
1758,135.86,134.3,4.06,True,103.8,106.2
1759,330.86,287.6,8.84,True,103.5,105.6
1760,92.22,88.7,3.03,False,113.8,114.4
1761,531.14,509.2,7.97,False,117.8,124.9
1762,439.73,453.7,17.63,False,108.1,113.1
1763,283.8,301.0,4.89,False,103.6,104.7
1764,409.55,380.7,13.13,False,104.5,107.2
1765,354.72,367.1,5.79,True,103.8,104.8
1766,232.79,257.3,2.06,False,111.8,112.5
1767,249.0,213.8,3.12,True,109.6,110.5
1768,231.86,200.4,3.21,False,112.6,116.0
1769,552.49,519.3,6.43,False,112.2,119.9
1770,87.04,148.6,17.35,False,114.9,114.3
1771,162.88,150.3,11.74,False,107.5,108.9
1772,380.67,398.9,3.53,True,105.6,109.7
1773,342.27,378.8,2.66,False,110.9,115.9
1774,214.03,206.9,17.52,False,109.7,112.5
1775,305.45,318.6,4.33,False,111.5,113.3
1776,349.9,341.5,5.96,False,105.7,111.0
1777,108.8,107.7,15.39,False,113.9,113.7
1778,503.57,469.4,10.66,False,102.9,110.1
1779,348.28,341.4,5.24,True,107.4,113.7
1780,306.87,304.1,12.46,False,116.8,120.9
1781,333.26,342.9,7.63,False,103.2,104.8
1782,309.59,284.4,11.1,False,116.3,118.5
1783,253.11,227.5,3.1,True,101.5,102.0
1784,88.72,69.0,16.02,False,100.5,100.3
1785,277.31,258.6,11.33,False,101.0,101.9
1786,113.38,102.0,1.57,True,110.7,109.8
1787,714.1,630.0,10.72,True,114.4,122.4
1788,246.36,225.4,7.47,False,117.8,117.9
1789,513.41,624.2,16.44,False,117.3,123.9
1790,329.64,261.0,3.79,True,115.2,119.0
1791,130.56,169.6,7.01,False,105.0,105.7
1792,448.23,462.2,14.11,False,105.0,110.3
1793,246.75,297.4,5.22,True,114.7,119.5
1794,833.42,752.8,6.67,True,118.5,128.0
1795,175.65,167.1,14.23,False,103.8,105.3
1796,383.92,472.6,13.25,False,117.8,124.4
1797,433.76,486.2,7.43,False,98.5,104.2
1798,299.96,356.9,9.21,False,112.3,116.8
1799,420.5,488.3,10.61,False,109.4,116.9
1800,204.38,228.3,16.15,False,108.8,111.5
1801,143.44,148.1,12.41,True,110.2,110.4
1802,182.3,178.3,11.28,False,104.9,105.4
1803,242.78,251.2,14.88,False,112.7,116.5
1804,293.11,366.9,6.52,False,110.4,115.0
1805,120.41,154.2,8.83,False,115.6,117.9
1806,200.78,200.5,12.83,False,119.5,119.4
1807,172.52,161.4,8.16,False,110.8,110.7
1808,397.77,402.4,9.4,True,105.1,109.4
1809,591.94,621.5,4.15,False,103.2,113.2
1810,160.26,133.8,11.57,False,120.2,120.8
1811,338.29,326.8,12.06,False,119.4,125.0
1812,523.39,429.7,15.63,False,115.3,121.8
1813,287.9,217.1,2.91,True,110.4,113.3
1814,87.75,105.2,16.34,False,114.9,116.4
1815,297.59,459.9,2.92,False,117.8,121.7
1816,112.1,101.4,13.8,False,106.3,107.0
1817,516.37,533.1,11.22,False,110.2,112.4
1818,168.47,159.4,8.2,False,103.4,103.6
1819,115.01,92.7,16.74,False,109.2,108.6
1820,179.32,186.0,9.03,False,119.3,121.1
1821,212.87,240.2,1.91,False,116.5,120.4
1822,238.22,268.7,10.09,True,110.8,112.8
1823,307.49,341.7,10.29,False,93.8,97.9
1824,293.19,282.1,13.78,True,106.1,110.3
1825,490.26,594.2,7.41,True,110.6,119.1
1826,219.9,233.9,2.72,False,108.7,113.2
1827,291.46,290.3,7.27,False,110.2,111.1
1828,261.17,277.1,11.44,False,111.5,112.9
1829,114.4,86.2,10.49,False,106.8,108.1
1830,110.19,119.4,15.48,False,110.0,109.5
1831,210.86,251.7,5.96,False,109.1,112.1
1832,286.85,309.8,10.89,True,105.8,107.1
1833,95.21,67.4,17.6,False,121.1,121.8
1834,472.75,609.0,6.68,False,107.1,115.0
1835,354.61,323.5,8.7,True,96.5,101.0
1836,290.79,243.9,17.9,False,120.7,121.2
1837,274.95,315.4,3.88,False,104.9,109.9
1838,208.48,180.0,10.96,False,115.4,117.3
1839,166.76,270.3,7.61,True,105.9,110.1
1840,311.42,294.2,2.26,False,113.4,117.5
1841,369.65,462.8,14.05,False,109.7,117.9
1842,229.75,222.3,4.78,False,116.0,118.4
1843,100.9,103.0,16.22,False,108.7,109.9
1844,142.44,145.9,8.39,True,106.1,107.5
1845,188.14,212.4,3.89,False,111.5,114.4
1846,114.36,109.9,5.56,False,107.7,108.8
1847,181.13,136.8,15.24,False,98.4,99.4
1848,146.51,146.7,7.67,False,106.4,106.2
1849,252.65,204.4,5.73,False,127.2,129.2
1850,282.08,321.2,5.61,False,99.1,104.3
1851,221.66,199.0,11.12,False,111.4,112.4
1852,242.13,333.1,5.74,True,108.5,114.8
1853,227.78,244.0,16.93,False,121.0,122.6
1854,137.61,139.5,2.31,True,103.3,103.8
1855,330.68,296.9,4.07,True,110.6,115.9
1856,255.14,272.2,8.58,True,114.1,119.4
1857,230.77,337.9,4.94,False,108.9,112.1
1858,287.52,375.9,14.35,True,105.4,111.6
1859,372.11,470.7,16.62,False,109.9,117.2
1860,338.33,327.1,11.4,True,108.1,112.6
1861,269.6,267.3,15.59,False,108.1,112.1
1862,303.35,338.7,14.71,False,115.6,118.8
1863,172.38,188.0,4.12,True,112.4,112.1
1864,200.62,180.2,2.79,True,113.3,113.2
1865,386.23,505.4,11.88,False,112.0,115.1
1866,185.12,177.2,17.71,False,115.8,116.8
1867,160.31,148.9,15.23,False,117.8,118.1
1868,289.19,327.0,11.67,True,108.3,111.1
1869,191.35,188.9,3.33,True,114.9,117.2
1870,346.82,373.8,14.37,False,102.2,104.8
1871,431.67,452.1,12.77,False,96.5,99.9
1872,134.93,161.0,16.91,True,121.0,122.2
1873,356.53,348.4,13.21,True,108.0,108.9
1874,200.33,174.8,3.21,False,111.5,113.3
1875,217.57,215.0,11.55,False,102.6,106.0
1876,299.72,289.5,8.16,False,102.4,105.7
1877,171.84,180.4,8.45,False,105.7,107.5
1878,301.0,275.4,11.94,False,113.9,118.2
1879,215.62,224.9,16.34,False,106.9,109.2
1880,304.53,378.4,14.04,False,108.0,108.9
1881,394.36,378.9,1.87,False,105.5,107.5
1882,134.52,180.9,3.93,False,117.0,118.5
1883,291.42,293.1,7.49,True,115.2,118.9
1884,353.1,409.9,12.8,False,107.1,113.3
1885,130.05,135.5,11.96,False,114.1,114.3
1886,222.82,224.2,9.81,False,108.5,111.5
1887,238.87,286.2,8.6,False,108.0,110.9
1888,147.91,132.1,14.53,False,109.7,111.9
1889,185.75,193.1,3.08,False,113.9,115.7
1890,461.1,560.9,11.32,False,104.6,108.4
1891,210.45,176.9,14.84,False,113.0,114.1
1892,191.35,188.0,5.99,True,125.0,125.7
1893,109.01,92.7,4.84,True,111.1,110.5
1894,359.2,325.0,12.61,False,110.2,115.7
1895,143.18,123.0,4.4,False,109.5,109.4
1896,229.46,226.9,9.56,False,112.9,113.5
1897,144.66,149.7,16.73,False,100.3,101.6
1898,215.57,275.1,2.5,True,120.2,123.7
1899,63.16,41.3,16.5,False,115.9,114.9
1900,277.72,254.8,4.64,False,106.1,106.4
1901,284.14,290.5,9.46,False,110.2,115.2
1902,106.6,195.9,3.68,False,106.7,107.5
1903,225.99,202.8,13.21,False,111.8,115.2
1904,197.13,182.6,17.96,False,110.4,110.5
1905,210.37,225.2,6.48,True,111.4,114.5
1906,517.46,509.0,16.76,True,103.8,110.9
1907,383.8,384.7,13.54,False,107.1,109.3
1908,194.79,225.1,17.43,True,116.9,119.5
1909,223.96,193.2,12.58,True,106.8,108.5
1910,286.97,365.5,12.75,True,94.1,96.9
1911,253.89,265.6,17.07,False,109.1,112.7
1912,134.09,130.3,13.5,False,124.5,126.1
1913,181.2,210.9,15.48,False,115.1,115.3
1914,464.79,480.2,6.2,True,106.5,112.6
1915,340.45,318.1,4.29,True,109.7,112.0
1916,223.75,194.4,12.06,False,114.1,115.0
1917,119.32,98.9,5.67,False,99.5,99.2
1918,202.08,274.4,8.59,False,104.9,107.8
1919,194.76,244.8,15.62,False,112.4,114.8
1920,214.97,221.3,11.91,False,119.6,122.4
1921,338.17,367.7,17.07,False,107.4,114.1
1922,279.62,320.2,7.35,False,119.4,123.4
1923,147.12,100.8,6.13,False,105.5,104.9
1924,242.15,245.5,5.03,True,89.7,91.0
1925,133.46,115.7,17.61,False,114.5,115.4
1926,206.38,184.3,8.59,True,113.2,113.8
1927,129.02,110.7,16.68,False,114.4,114.3
1928,151.33,113.0,7.19,False,114.2,113.6
1929,239.78,292.6,6.25,True,111.2,113.0
1930,230.92,277.2,14.22,True,108.4,111.6
1931,201.4,235.6,11.7,True,108.7,111.8
1932,211.33,175.5,10.16,True,107.2,108.7
1933,120.42,106.1,8.76,False,107.6,109.0
1934,177.19,184.8,9.2,False,99.1,102.3
1935,228.81,277.9,15.27,False,102.7,104.8
1936,302.13,274.4,4.03,True,109.0,111.6
1937,449.87,474.9,2.34,False,96.6,100.1
1938,480.32,438.9,1.6,True,98.0,105.5
1939,223.65,240.8,9.67,False,108.0,110.8
1940,193.88,183.7,15.0,True,109.2,110.6
1941,163.46,151.9,12.57,False,108.1,110.1
1942,102.87,96.8,17.84,False,95.7,96.1
1943,130.45,123.0,11.56,True,119.3,120.5
1944,225.67,278.1,9.9,False,101.4,102.3
1945,324.2,332.1,11.1,False,105.1,107.2
1946,225.94,204.5,16.06,False,102.4,106.2
1947,740.5,739.1,1.74,True,117.8,126.0
1948,138.73,123.6,9.2,False,112.5,113.0
1949,108.11,91.5,8.28,False,107.2,107.3
1950,780.48,732.1,17.23,False,106.7,116.7
1951,125.37,103.2,4.59,False,111.1,110.6
1952,227.76,203.0,1.92,True,102.5,103.8
1953,200.54,159.1,11.92,True,112.3,112.4
1954,278.0,289.2,11.81,True,106.7,108.0
1955,198.92,194.6,6.77,True,113.1,113.8
1956,341.32,332.7,10.41,True,112.9,115.8
1957,289.71,371.7,11.35,True,106.4,112.3
1958,92.09,96.3,7.33,False,97.7,98.1
1959,129.09,149.1,8.44,False,108.5,109.5
1960,316.08,348.0,3.84,False,101.3,102.9
1961,350.79,411.6,14.22,False,110.5,115.0
1962,203.74,261.8,7.92,True,108.5,109.6
1963,285.86,300.8,12.15,False,106.5,112.0
1964,438.36,491.1,8.54,True,102.2,105.2
1965,219.02,196.0,4.18,True,117.1,120.4
1966,307.22,260.2,13.06,True,107.3,109.6
1967,426.75,439.2,8.39,False,124.1,131.4
1968,375.54,453.9,4.56,True,110.2,117.7
1969,241.8,226.2,16.9,False,112.1,116.0
1970,156.67,151.8,16.24,False,110.2,112.1
1971,208.61,224.8,13.5,False,112.0,113.3
1972,204.81,236.7,11.01,False,116.6,120.1
1973,133.21,148.7,11.82,True,116.6,116.5
1974,169.18,161.3,7.44,True,99.4,100.8
1975,456.27,454.2,5.84,True,115.1,122.1
1976,316.88,308.3,11.27,False,113.0,115.9
1977,238.32,203.6,13.71,True,110.2,110.9
1978,138.57,128.0,9.67,True,120.3,122.6
1979,173.05,162.3,16.28,False,120.5,120.6
1980,97.81,87.3,7.91,False,115.4,116.8
1981,219.31,265.5,7.71,False,106.7,110.4
1982,148.95,157.4,8.52,False,102.8,102.7
1983,233.89,276.8,13.12,True,114.5,116.1
1984,205.4,346.1,1.95,True,118.2,124.5
1985,229.8,279.0,7.34,False,97.8,98.2
1986,216.62,190.0,13.76,False,116.5,119.6
1987,147.24,144.4,10.65,True,108.5,109.8
1988,117.74,117.6,6.61,False,99.1,98.9
1989,414.11,431.0,12.34,False,112.8,118.9
1990,202.69,272.5,16.37,False,115.5,117.7
1991,203.04,195.9,9.83,False,107.9,109.8
1992,355.23,322.0,13.7,True,103.7,107.0
1993,358.03,394.7,4.77,False,120.3,123.2
1994,128.3,159.2,9.3,True,106.0,106.5
1995,252.18,268.2,6.31,False,117.0,120.2
1996,290.44,271.1,17.88,False,100.9,104.2
1997,445.74,479.9,5.11,False,112.5,118.6
1998,155.48,194.4,17.13,False,112.3,113.9
1999,189.95,141.5,8.24,False,115.2,117.0
2000,218.85,284.1,9.72,False,119.0,120.5
2001,304.79,336.2,10.14,False,105.1,111.5
2002,213.99,256.5,5.49,False,113.1,115.2
2003,390.02,497.4,5.44,False,101.8,110.3
2004,183.43,194.1,7.7,False,101.7,104.4
2005,273.45,259.9,13.8,False,106.5,109.4
2006,125.94,100.7,13.06,True,112.5,112.3
2007,137.83,137.1,17.96,False,120.1,120.0
2008,137.78,159.8,2.96,False,121.2,121.7
2009,212.55,212.0,14.03,False,107.9,110.9
2010,134.03,110.0,4.72,True,111.8,111.4
2011,301.82,319.6,9.93,False,115.7,116.5
2012,162.44,152.0,4.74,False,114.6,115.1
2013,587.1,668.8,16.95,False,109.0,112.7
2014,164.45,155.0,9.87,False,110.5,111.5
2015,220.12,245.6,9.25,False,109.3,112.0
2016,253.81,229.3,6.57,True,108.7,109.5
2017,170.76,130.7,8.91,True,108.0,108.8
2018,207.21,212.5,3.33,False,109.3,110.2
2019,202.93,211.0,12.79,False,107.6,110.0
2020,357.72,371.9,10.92,False,103.2,109.2
2021,252.11,289.8,3.14,False,115.2,116.7
2022,323.0,317.1,3.19,False,113.1,117.7
2023,351.23,367.6,6.33,True,121.3,123.1
2024,275.43,319.9,9.31,True,112.2,116.4
2025,284.62,267.0,5.17,False,107.5,109.0
2026,154.12,159.0,3.67,True,106.2,108.4
2027,213.6,257.9,3.09,False,110.3,114.2
2028,165.81,142.8,6.53,False,113.3,115.0
2029,221.7,221.3,11.89,False,108.5,109.3
2030,227.46,205.9,12.69,False,101.2,104.8
2031,222.09,213.1,6.17,False,105.6,106.7
2032,111.51,110.7,8.77,True,110.1,110.8
2033,62.06,41.7,11.87,False,114.4,113.8
2034,181.47,185.7,7.44,False,101.1,103.5
2035,400.1,413.2,17.65,False,111.6,118.3
2036,247.01,243.7,12.93,False,111.3,115.1
2037,394.95,397.4,11.04,True,107.3,113.7
2038,142.88,143.3,9.72,False,106.5,107.3
2039,202.16,180.7,9.62,False,105.6,106.8
2040,552.0,690.4,6.31,True,110.8,118.3
2041,200.72,148.2,2.77,False,116.8,117.7
2042,323.26,313.9,15.33,False,117.2,120.7
2043,244.82,313.6,16.44,False,103.3,106.1
2044,281.74,295.6,17.58,False,108.9,113.4
2045,330.26,316.0,8.17,True,96.8,98.9
2046,150.55,147.0,17.12,False,110.7,111.6
2047,146.24,190.6,13.09,False,113.6,116.3
2048,57.77,47.7,8.47,False,119.4,118.9
2049,481.61,488.5,16.66,False,99.3,102.1
2050,226.09,315.0,17.48,False,103.5,107.1
2051,134.52,159.9,10.31,False,110.9,111.4
2052,162.49,144.2,14.36,False,100.3,100.6
2053,362.15,417.0,14.31,False,111.0,116.1
2054,138.61,153.7,11.55,False,113.7,114.9
2055,150.07,159.6,8.48,False,102.3,105.1
2056,117.39,127.5,3.72,False,110.8,112.6
2057,345.27,346.5,17.97,False,102.7,106.5
2058,326.17,394.4,2.68,False,118.3,124.6
2059,187.13,206.6,3.73,False,111.2,111.7
2060,383.96,395.7,7.68,True,106.2,109.3
2061,256.08,282.4,8.08,False,102.6,106.8
2062,122.69,123.2,5.91,False,112.3,112.7
2063,317.23,469.8,2.79,False,118.1,121.4
2064,147.35,126.8,16.34,False,105.4,105.6
2065,209.83,214.8,9.97,True,107.4,108.7
2066,186.71,206.9,17.5,True,105.5,107.0
2067,167.94,187.4,15.99,False,119.3,120.9
2068,93.58,71.9,9.65,False,98.5,99.8
2069,580.45,614.4,7.91,False,117.7,127.9
2070,86.85,77.6,5.71,False,107.7,108.5
2071,539.6,485.4,17.89,False,109.6,114.8
2072,149.44,141.4,11.48,False,108.0,107.6
2073,157.84,168.2,15.37,False,111.4,113.3
2074,456.19,460.3,17.75,False,105.6,110.9
2075,281.07,298.6,5.2,False,116.4,121.2
2076,107.47,102.6,16.76,False,116.6,116.7
2077,128.07,101.4,14.61,False,104.1,105.6
2078,230.89,275.6,9.0,False,114.0,117.6
2079,129.71,125.6,17.16,False,107.9,108.7
2080,339.05,306.1,11.23,False,110.3,115.3
2081,313.59,322.9,8.0,False,119.2,120.5
2082,151.42,149.9,4.14,False,106.0,108.7
2083,129.54,173.3,13.51,False,115.6,117.0
2084,179.62,280.4,14.27,False,112.7,114.7
2085,188.1,146.3,4.91,False,108.8,110.0
2086,250.62,243.9,7.64,False,112.2,115.4
2087,575.87,712.8,2.41,False,111.5,122.8
2088,282.24,287.6,10.69,False,103.0,106.7
2089,157.83,188.8,11.4,False,106.4,108.3
2090,546.37,647.9,15.5,False,103.7,113.9
2091,291.1,359.7,1.93,True,108.3,111.4
2092,109.15,127.3,3.47,False,118.1,118.7
2093,102.77,141.1,2.02,True,113.5,113.5
2094,72.87,82.8,17.08,False,101.4,102.8
2095,285.65,277.7,9.96,False,108.4,111.6
2096,74.72,64.7,5.56,True,111.4,110.7
2097,619.83,647.4,1.82,True,114.5,123.0
2098,222.37,201.5,3.09,False,106.1,109.3
2099,337.05,371.6,13.38,False,102.6,104.6
2100,185.94,191.5,9.42,True,109.7,111.5
2101,266.76,275.1,13.62,False,113.4,116.0
2102,198.16,216.4,5.88,False,111.4,112.4
2103,262.99,240.1,8.75,False,104.7,106.8
2104,487.95,433.6,11.79,False,120.5,126.9
2105,584.95,545.9,5.0,False,109.4,113.7
2106,342.84,523.4,6.24,False,111.2,119.0
2107,835.82,1009.5,3.84,True,106.0,124.2
2108,155.89,155.4,13.24,False,116.6,117.2
2109,289.85,289.5,11.11,False,113.4,116.3
2110,120.66,157.4,8.84,False,111.9,111.5
2111,300.41,424.1,10.86,False,103.1,109.6
2112,152.54,130.8,4.3,False,116.6,117.4
2113,371.05,437.6,14.91,False,114.5,120.2
2114,215.24,261.2,13.97,False,116.1,119.1
2115,182.31,223.2,4.5,True,110.2,113.4
2116,252.53,237.4,16.11,False,109.6,111.2
2117,115.96,117.8,8.0,False,108.9,109.6
2118,129.9,123.6,9.15,False,123.7,124.6
2119,214.2,263.7,10.27,False,106.7,109.3
2120,205.14,262.7,14.58,False,102.9,103.3
2121,192.24,161.4,4.21,False,107.8,109.1
2122,201.91,200.2,5.87,True,106.8,110.1
2123,269.24,302.8,16.95,False,117.6,120.4
2124,141.96,145.8,16.97,False,101.9,104.0
2125,104.25,77.3,14.85,True,106.6,106.9
2126,485.29,497.9,4.28,True,111.1,116.7
2127,304.28,273.8,11.32,False,117.6,120.8
2128,158.19,178.0,8.86,False,114.3,117.0
2129,162.71,157.1,2.83,True,119.7,119.9
2130,154.88,145.0,2.75,True,112.1,111.9
2131,354.29,423.2,15.64,False,108.8,112.3
2132,119.75,106.6,2.99,False,115.1,116.1
2133,243.18,289.1,5.98,False,101.8,105.8
2134,272.66,289.0,3.99,False,99.7,100.2
2135,268.05,349.9,10.99,False,115.9,120.3
2136,196.65,187.6,14.04,False,111.3,112.3
2137,439.96,475.3,5.88,True,115.8,122.8
2138,309.95,355.5,14.4,False,104.9,109.1
2139,201.07,184.1,4.39,False,117.7,119.8
2140,150.66,153.0,7.39,True,114.0,115.0
2141,191.87,216.7,5.51,False,109.8,110.9
2142,201.36,180.7,9.0,False,111.2,112.6
2143,158.05,139.0,17.69,False,112.1,113.7
2144,225.84,243.3,13.66,True,104.9,105.9
2145,175.65,201.0,4.9,False,107.7,111.1
2146,462.83,536.1,17.45,False,112.0,119.0
2147,169.55,180.5,12.74,True,107.4,108.2
2148,184.3,152.2,8.99,True,101.2,102.4
2149,239.66,234.7,16.62,False,111.8,113.6
2150,246.05,269.1,14.09,False,115.0,117.3
2151,235.4,280.3,13.53,False,116.4,118.6
2152,291.74,278.9,4.82,False,113.2,114.0
2153,215.37,239.1,3.61,False,114.9,116.1
2154,200.14,229.6,15.78,False,115.9,117.7
2155,332.94,323.9,12.72,True,110.5,112.6
2156,139.37,131.9,14.98,False,97.3,97.9
2157,107.51,152.8,14.13,False,117.0,116.9
2158,95.83,91.5,16.4,False,104.6,104.9
2159,136.43,133.2,7.7,False,103.2,104.1
2160,348.38,401.1,7.28,False,103.4,106.7
2161,297.66,316.5,5.41,False,124.9,127.8
2162,384.77,574.5,3.24,True,112.6,119.0
2163,274.56,501.8,9.47,False,103.8,107.7
2164,267.88,318.0,9.72,True,105.9,111.0
2165,246.82,253.8,3.39,False,110.0,112.9
2166,136.43,237.1,11.46,False,113.3,116.5
2167,63.0,62.5,7.5,False,111.7,111.0
2168,169.82,222.9,9.03,True,104.4,105.4
2169,163.91,168.2,9.92,False,111.9,112.8
2170,170.98,136.6,6.62,True,106.3,108.4
2171,262.67,291.1,12.8,False,116.3,118.7
2172,203.71,208.3,9.91,True,110.3,112.7
2173,243.35,245.2,8.78,False,105.4,106.9
2174,127.7,125.3,8.26,False,114.1,116.0
2175,324.17,363.7,1.89,True,112.3,115.1
2176,197.36,180.0,14.23,False,107.2,108.8
2177,293.92,282.8,17.45,False,114.4,117.2
2178,190.15,188.6,3.66,False,113.8,115.5
2179,76.79,56.2,6.28,False,117.2,117.8
2180,274.5,297.4,15.47,False,114.3,118.1
2181,235.63,215.9,13.19,False,108.7,111.7
2182,92.8,87.9,6.65,False,99.9,100.8
2183,135.02,116.7,12.22,False,111.1,110.5
2184,296.3,369.4,16.63,False,112.1,117.6
2185,125.62,90.4,5.12,True,110.3,109.8
2186,188.57,177.4,12.71,True,91.9,92.5
2187,472.61,601.6,14.9,False,114.1,117.1
2188,312.74,301.6,3.07,True,104.5,107.3
2189,293.43,342.3,16.92,False,114.1,117.1
2190,188.93,198.4,17.33,False,120.2,123.1
2191,91.28,83.4,13.6,True,108.5,109.6
2192,247.12,258.1,10.01,True,112.6,114.0
2193,140.66,121.4,11.47,False,110.2,110.2
2194,137.16,114.7,12.2,False,113.2,114.1
2195,197.76,242.1,4.04,False,110.6,113.6
2196,117.91,126.4,6.37,False,106.9,108.9
2197,223.66,227.1,3.16,False,104.6,104.6
2198,164.55,155.7,7.61,False,119.5,122.2
2199,197.41,222.8,13.79,False,112.6,115.3
2200,194.96,171.0,16.11,False,115.0,116.4
2201,237.14,226.2,7.63,False,112.4,114.7
2202,390.49,479.6,11.67,False,115.9,120.0
2203,287.46,346.5,11.31,True,104.6,109.3
2204,195.84,212.5,9.3,False,110.5,113.4
2205,385.73,439.0,12.95,False,113.0,117.6
2206,315.33,285.0,3.99,True,117.8,119.2
2207,437.23,422.9,2.73,False,126.0,129.9
2208,100.92,96.3,7.24,False,112.4,113.8
2209,142.98,127.2,17.49,False,106.0,106.6
2210,261.53,256.4,17.23,False,102.8,105.3
2211,203.89,209.6,11.95,False,104.6,108.1
2212,231.71,226.5,11.05,False,105.4,106.1
2213,315.66,310.1,11.95,False,92.6,93.7
2214,261.58,257.8,8.58,False,105.9,108.1
2215,306.98,364.4,6.26,True,114.3,119.5
2216,302.25,359.0,1.59,False,110.5,115.0
2217,130.4,130.7,1.82,False,108.4,109.9
2218,73.29,57.4,17.54,False,100.3,101.3
2219,114.29,125.9,13.79,False,116.3,117.4
2220,135.23,121.2,12.89,False,113.1,112.9
2221,237.22,235.9,15.43,False,109.9,113.0
2222,184.96,234.2,11.51,True,96.8,99.4
2223,181.39,202.7,12.52,False,107.1,108.3
2224,268.03,290.9,14.54,False,112.6,113.4
2225,668.74,745.8,3.57,False,109.8,117.3
2226,170.82,200.2,4.6,True,111.2,113.6
2227,197.66,262.3,10.67,False,114.1,114.9
2228,227.96,226.4,3.1,False,110.9,114.2
2229,131.04,162.5,12.38,False,113.9,114.4
2230,287.25,311.7,15.23,False,104.9,110.5
2231,180.29,194.8,15.32,False,102.7,102.6
2232,139.39,143.4,6.83,False,112.9,114.3
2233,158.52,149.6,4.84,False,114.1,115.4
2234,410.85,371.4,17.32,False,113.1,114.7
2235,231.31,307.5,16.55,False,110.8,112.5
2236,184.9,172.7,6.67,False,108.1,108.5
2237,184.2,288.3,16.25,True,111.3,116.0
2238,269.18,227.9,16.04,False,112.3,113.3
2239,183.91,264.7,7.08,False,112.6,113.9
2240,208.83,160.1,7.49,False,125.6,127.5
2241,115.81,123.4,16.88,False,104.5,105.7
2242,215.88,194.2,13.74,True,129.4,130.6
2243,160.3,135.7,11.69,False,102.5,102.4
2244,127.12,130.1,17.22,False,112.3,113.6
2245,108.35,99.5,15.77,False,102.8,103.0
2246,70.3,57.6,2.73,True,111.8,111.6
2247,183.13,174.4,9.73,False,115.9,116.5
2248,356.86,408.9,16.28,True,110.2,117.6
2249,285.87,355.3,3.33,True,115.8,120.3
2250,495.24,518.4,2.69,False,107.5,114.4
2251,120.35,126.9,15.67,False,97.7,98.7
2252,294.31,322.6,14.33,True,113.8,119.0
2253,202.91,212.0,4.26,False,110.2,112.8
2254,141.44,149.7,4.49,True,107.1,108.3
2255,329.45,383.9,15.24,False,107.5,114.2
2256,248.78,213.2,4.95,False,112.4,113.4
2257,94.73,77.3,3.88,False,105.1,105.6
2258,308.04,353.3,16.47,False,112.3,117.0
2259,260.27,277.7,14.78,False,117.1,120.5
2260,251.72,243.3,8.16,False,122.4,126.6
2261,115.81,112.8,11.83,False,118.4,118.8
2262,260.85,258.9,8.6,False,111.0,114.2
2263,448.79,480.3,6.03,False,111.5,119.2
2264,196.4,273.5,17.78,False,107.6,110.8
2265,114.97,91.3,10.5,True,107.2,106.8
2266,315.72,284.9,12.02,True,115.2,117.1
2267,232.97,275.1,8.24,False,108.2,111.5
2268,265.44,336.9,9.76,False,112.2,114.2
2269,265.67,270.9,6.25,True,104.2,107.6
2270,106.19,130.3,8.58,True,118.2,120.4
2271,263.43,236.1,11.86,False,108.1,109.4
2272,190.64,196.1,14.9,True,116.5,119.9
2273,292.91,251.7,14.74,False,105.8,109.7
2274,322.13,391.5,1.69,False,105.5,111.8
2275,156.95,155.4,10.33,False,118.0,118.4
2276,585.13,560.8,7.66,False,106.2,112.4
2277,246.53,283.9,11.52,False,100.6,104.6
2278,340.01,354.3,16.05,False,103.8,108.3
2279,335.55,329.0,14.29,False,115.1,119.8
2280,240.89,277.7,6.96,True,114.6,119.3
2281,238.54,305.7,13.7,False,105.4,107.4
2282,43.69,31.0,3.17,False,106.2,105.6
2283,338.26,328.7,3.61,True,114.0,119.0
2284,156.25,136.2,5.22,False,117.9,118.0
2285,245.39,220.2,8.1,True,109.6,113.5
2286,246.47,276.7,9.93,False,113.3,117.4
2287,306.54,400.9,8.06,False,115.2,121.3
2288,105.41,136.2,11.86,True,122.9,125.0
2289,231.54,176.9,3.55,True,103.1,103.6
2290,199.04,190.4,10.1,False,106.0,107.8
2291,249.34,253.4,5.99,True,107.0,110.0
2292,196.04,197.0,7.52,True,115.0,117.0
2293,233.58,306.5,9.9,True,108.5,112.7
2294,86.2,79.0,3.69,False,111.9,111.7
2295,242.67,210.7,7.91,False,110.7,113.1
2296,493.45,505.7,14.05,False,110.0,113.5
2297,169.5,197.3,6.08,True,110.6,111.8
2298,229.21,284.4,14.12,False,116.2,121.8
2299,310.57,368.1,5.31,False,104.2,106.7
2300,253.45,279.5,13.94,False,109.1,110.1
2301,662.33,587.9,4.71,False,102.7,108.1
2302,217.25,239.2,17.2,False,111.4,115.5
2303,241.73,314.8,4.04,True,108.8,110.4
2304,241.97,259.1,18.0,False,116.4,117.0
2305,424.09,451.6,5.28,False,110.0,114.5
2306,153.35,181.7,13.22,True,107.3,108.9
2307,567.22,613.5,6.53,True,108.5,112.5
2308,180.98,157.6,2.86,True,120.3,122.1
2309,482.04,531.7,1.91,True,100.6,108.9
2310,123.7,127.3,3.93,True,106.2,106.4
2311,275.51,320.2,8.23,False,110.2,111.0
2312,172.94,227.9,11.07,False,106.2,108.6
2313,324.91,364.1,9.4,True,112.9,114.8
2314,289.34,288.2,11.9,False,109.7,111.9
2315,281.1,353.6,3.08,False,111.5,116.7
2316,158.13,124.8,12.66,False,110.7,110.9
2317,107.95,87.2,14.46,False,109.4,109.6
2318,95.8,113.5,5.31,False,102.3,102.1
2319,92.5,111.9,14.57,True,111.1,111.1
2320,106.7,124.0,5.63,True,99.4,100.3
2321,191.49,163.6,8.83,False,106.0,107.0
2322,175.99,162.8,14.8,False,112.9,114.1
2323,274.65,230.9,12.84,True,117.1,118.3
2324,157.03,141.8,9.81,False,124.1,124.8
2325,146.99,148.2,7.6,False,107.4,108.8
2326,160.77,203.9,10.8,False,104.8,106.1
2327,377.36,390.9,10.08,False,113.1,119.4
2328,168.86,180.0,17.53,False,121.2,123.1
2329,205.2,222.6,15.13,True,119.2,120.0
2330,275.27,242.7,3.42,True,103.8,105.2
2331,132.86,132.2,8.3,True,109.2,110.6
2332,214.87,189.8,11.19,False,115.1,117.6
2333,120.51,154.8,13.14,False,115.5,116.2
2334,456.75,371.2,4.43,False,113.6,117.2
2335,315.95,355.0,15.21,False,107.3,110.1
2336,161.51,146.2,11.89,False,113.5,113.2
2337,235.69,220.2,2.61,True,115.6,116.2
2338,262.71,314.9,2.48,True,104.4,110.5
2339,287.1,271.4,12.82,False,118.0,118.3
2340,295.71,287.2,13.97,False,116.0,117.9
2341,131.98,132.6,6.62,False,105.5,107.0
2342,425.01,521.3,4.17,False,115.5,121.1
2343,160.6,161.8,5.13,True,114.9,117.1
2344,149.81,159.3,7.97,True,115.1,115.8
2345,143.49,105.8,11.93,False,119.5,120.2
2346,224.2,208.9,4.6,False,109.9,111.0
2347,376.96,413.1,14.56,True,112.0,114.4
2348,283.14,269.9,5.61,True,94.2,97.2
2349,157.82,217.9,14.86,False,116.7,119.9
2350,296.59,341.2,16.75,False,116.1,118.7
2351,383.15,407.6,4.21,True,118.1,121.5
2352,377.56,354.6,16.64,False,104.4,108.3
2353,85.91,73.3,13.14,True,115.8,116.2
2354,373.85,342.8,16.14,False,116.1,122.0
2355,305.43,293.4,7.22,True,106.1,110.9
2356,132.86,144.3,15.75,False,116.3,118.4
2357,271.61,294.0,9.37,False,112.8,115.6
2358,395.27,413.6,4.63,True,99.8,104.6
2359,147.07,165.8,17.94,False,113.5,114.4
2360,403.24,368.1,17.14,False,105.4,107.2
2361,219.07,273.1,3.56,True,99.9,101.6
2362,63.09,38.1,9.03,False,112.2,111.3
2363,239.22,226.8,17.77,False,109.6,112.7
2364,249.39,267.3,10.55,True,118.4,120.1
2365,179.96,194.0,9.7,True,111.1,113.7
2366,256.5,278.6,4.72,False,114.7,119.1
2367,227.08,213.6,8.42,False,113.1,115.7
2368,561.03,680.7,9.72,True,116.1,128.2
2369,162.04,186.5,13.28,False,104.7,105.3
2370,170.25,146.7,8.93,False,111.2,112.6
2371,343.49,358.2,11.98,False,109.2,115.0
2372,219.13,199.9,3.18,False,113.9,116.6
2373,234.26,219.9,14.1,False,111.5,111.5
2374,253.07,209.7,1.55,True,106.3,109.2
2375,368.55,347.6,12.1,True,108.0,113.5
2376,111.27,123.4,15.13,False,119.9,119.7
2377,363.82,367.7,14.15,False,99.8,103.0
2378,267.58,306.4,3.93,False,114.3,116.7
2379,480.06,561.8,15.43,False,117.4,122.9
2380,193.69,256.1,2.81,True,113.5,116.8
2381,135.56,128.6,2.59,False,121.8,121.8
2382,265.49,257.6,15.07,False,115.6,119.8
2383,255.74,275.1,4.51,False,112.3,113.2
2384,333.9,432.8,8.88,False,107.2,114.2
2385,105.25,128.4,16.95,False,112.4,111.9
2386,119.12,91.4,4.95,False,114.1,114.8
2387,252.83,260.5,14.38,False,110.0,111.3
2388,450.61,575.0,11.14,False,105.5,112.9
2389,332.4,330.7,8.19,False,102.8,104.3
2390,396.92,341.0,9.08,False,111.1,115.1
2391,122.07,104.2,8.27,False,101.1,101.4
2392,149.62,237.5,15.15,False,107.2,107.3
2393,537.56,437.2,14.93,False,95.4,101.3
2394,201.14,276.9,7.66,False,115.0,115.9
2395,102.11,87.7,13.0,True,116.9,118.6
2396,190.49,234.9,10.28,False,110.5,113.6
2397,267.73,318.3,13.85,False,121.0,122.5
2398,50.41,30.4,2.33,True,118.1,118.6
2399,164.44,221.0,7.04,True,112.9,113.3
2400,151.05,137.7,7.04,False,109.3,110.9
2401,378.65,364.1,11.35,True,107.9,110.8
2402,151.43,182.4,4.93,True,113.4,115.7
2403,226.85,291.3,10.27,False,109.2,113.1
2404,223.26,231.5,17.67,False,113.3,114.5
2405,179.26,178.5,2.22,True,113.7,116.1
2406,503.46,609.8,9.81,False,108.6,111.8
2407,150.4,167.4,3.78,False,116.6,118.2
2408,254.26,242.2,11.11,False,108.6,110.3
2409,245.27,231.1,5.47,True,110.1,111.2
2410,214.99,257.0,16.39,True,104.1,105.4
2411,451.12,585.5,6.75,False,108.4,115.9
2412,300.9,318.5,17.31,False,122.9,128.8
2413,156.82,177.5,1.57,True,104.6,107.2
2414,450.37,488.7,15.23,False,112.6,120.0
2415,382.43,348.5,5.82,False,107.3,112.5
2416,184.12,179.5,4.83,False,96.7,98.9
2417,337.34,448.8,16.09,False,113.4,117.9
2418,121.84,103.5,6.52,False,106.7,107.3
2419,126.44,120.5,11.13,False,111.9,113.6
2420,90.85,84.3,13.66,True,115.9,116.3
2421,77.21,63.5,8.42,True,111.4,112.3
2422,419.24,431.7,3.17,True,112.0,116.3
2423,248.51,258.8,16.72,False,104.8,107.1
2424,99.69,89.0,12.18,False,114.2,114.5
2425,270.8,227.7,16.22,True,108.9,109.1
2426,387.7,374.3,14.17,True,98.0,104.3
2427,170.43,150.8,14.27,False,115.0,117.4
2428,192.09,194.0,11.23,False,116.8,118.5
2429,477.62,625.5,1.6,False,118.9,127.8
2430,221.28,204.1,16.06,False,123.0,123.1
2431,104.81,93.4,15.21,False,114.6,115.5
2432,161.17,171.4,13.5,False,113.1,114.9
2433,93.45,85.4,15.99,False,116.5,116.4
2434,263.35,332.8,4.54,False,104.7,107.4
2435,160.1,138.6,6.15,False,100.0,100.8
2436,157.07,136.1,4.09,True,107.1,108.8
2437,597.45,656.4,12.17,False,117.7,126.4
2438,120.64,112.8,8.73,False,106.0,105.7
2439,100.97,101.0,3.19,False,112.8,112.3
2440,94.38,124.2,11.0,False,113.4,114.1
2441,279.36,380.6,7.09,True,111.5,113.6
2442,251.96,309.2,9.59,False,102.3,104.0
2443,157.26,170.1,5.81,True,112.1,112.0
2444,170.02,161.3,4.16,True,107.5,109.9
2445,306.12,296.3,8.94,False,120.2,121.4
2446,246.98,264.2,5.23,True,116.8,118.7
2447,242.43,211.7,8.18,False,107.7,109.5
2448,259.56,315.1,7.81,True,120.6,121.1
2449,122.84,119.3,17.02,False,112.1,113.9
2450,140.77,140.0,4.58,True,100.0,101.3
2451,355.52,324.1,6.23,False,109.5,113.3
2452,268.38,276.2,14.57,False,119.8,122.4
2453,78.23,60.5,6.38,False,105.1,104.5
2454,186.02,236.7,9.42,True,109.6,111.5
2455,508.83,643.7,14.07,False,101.8,106.8
2456,364.77,353.2,1.57,True,102.8,107.4
2457,127.91,173.1,17.28,False,105.0,105.2
2458,173.76,147.2,9.14,False,102.6,104.3
2459,285.94,283.4,14.03,False,106.3,108.8
2460,351.57,431.0,16.69,False,120.4,124.5
2461,82.87,77.8,15.97,False,109.8,110.1
2462,315.99,272.2,5.14,False,114.7,116.7
2463,226.17,192.2,10.66,False,116.5,117.5
2464,233.97,258.7,8.28,False,103.3,105.4
2465,106.62,96.7,10.28,False,105.0,106.3
2466,348.56,430.8,14.36,False,114.6,118.3
2467,448.17,494.5,7.35,False,106.2,109.0
2468,284.78,335.7,9.37,True,114.2,118.4
2469,488.07,548.9,11.53,False,120.1,124.1
2470,222.79,186.8,5.96,False,101.3,104.6
2471,255.93,268.7,11.51,False,107.9,110.0
2472,276.85,338.4,3.96,False,108.8,113.7
2473,220.52,285.5,11.76,True,106.8,109.7
2474,199.82,200.6,3.86,False,106.4,106.9
2475,184.34,213.0,14.3,False,107.0,109.0
2476,441.81,470.3,4.7,False,109.9,115.3
2477,169.83,230.0,12.16,False,111.0,112.5
2478,423.53,417.6,11.09,False,115.7,119.2
2479,192.17,223.4,8.52,False,109.8,111.6
2480,375.17,416.3,12.15,False,116.7,122.6
2481,218.55,244.0,15.47,False,106.4,108.3
2482,368.47,323.2,3.48,True,102.8,105.9
2483,160.77,157.9,12.66,False,108.2,110.5
2484,318.41,268.3,8.27,True,112.8,115.7
2485,169.24,159.2,12.62,False,115.2,116.9
2486,220.7,184.2,15.94,False,118.8,119.3
2487,184.09,192.8,12.27,False,111.7,112.7
2488,225.11,210.9,4.14,False,114.5,116.1
2489,416.94,390.4,8.37,True,118.2,121.6
2490,190.99,180.2,10.57,False,105.3,107.2
2491,266.88,253.3,3.59,False,108.7,110.2
2492,368.53,417.0,12.12,False,126.6,131.7
2493,292.39,319.5,13.27,False,115.1,116.8
2494,105.97,78.8,14.08,False,113.1,112.9
2495,115.35,95.2,3.48,True,115.4,115.4
2496,240.6,288.4,13.13,False,102.0,104.5
2497,157.92,175.0,7.54,True,106.1,106.5
2498,96.78,87.5,4.99,False,103.9,103.5
2499,186.32,167.8,10.15,False,112.5,113.6
2500,250.95,294.4,10.95,False,107.8,109.9
2501,213.26,191.6,9.04,False,110.6,111.3
2502,244.73,239.9,15.37,False,108.1,109.0
2503,188.94,201.4,4.07,False,100.2,101.5
2504,193.14,154.7,8.22,False,115.3,115.4
2505,203.69,265.5,5.91,True,99.4,101.2
2506,110.07,82.1,2.31,False,105.6,105.7
2507,153.26,143.6,7.09,True,102.1,103.9
2508,224.86,352.5,13.35,False,104.7,110.7
2509,127.38,97.0,10.13,False,111.2,111.5
2510,254.13,233.3,8.41,False,117.4,117.6
2511,171.95,183.1,9.33,False,100.6,102.1
2512,154.04,173.4,6.66,True,106.7,109.1
2513,270.15,370.8,3.52,True,99.5,102.6
2514,482.92,410.5,11.24,True,106.4,110.2
2515,124.97,124.0,14.95,False,110.4,112.1
2516,171.15,211.9,14.52,False,114.6,116.5
2517,83.31,69.6,5.35,False,97.3,96.6
2518,266.71,359.5,8.67,False,113.3,115.3
2519,195.74,226.5,10.61,False,104.2,105.3
2520,116.62,93.1,14.74,False,102.7,102.2
2521,162.53,147.6,4.74,False,110.4,110.3
2522,113.73,117.6,3.68,False,113.8,114.9
2523,146.29,142.8,16.87,False,109.4,110.6
2524,90.13,73.6,3.9,False,103.4,102.8
2525,415.51,467.5,17.82,False,109.4,111.8
2526,116.2,126.8,11.38,False,105.6,107.5
2527,207.14,232.9,9.73,False,113.6,114.6
2528,253.01,292.9,4.62,True,116.5,118.4
2529,341.64,410.8,15.7,True,116.1,120.4
2530,249.64,237.4,4.34,False,109.9,110.3
2531,200.36,199.6,8.12,False,116.7,117.2
2532,208.97,243.0,2.29,False,103.9,105.2
2533,106.93,123.6,1.87,True,120.7,122.6
2534,129.58,129.5,13.54,False,103.8,105.3
2535,232.48,197.0,4.93,True,97.8,99.4
2536,72.99,59.0,11.41,False,118.2,118.4
2537,156.83,156.6,13.44,True,105.7,106.4
2538,178.71,176.8,9.61,False,110.7,111.6
2539,523.42,593.7,12.33,False,103.8,110.8
2540,364.19,439.6,5.48,False,124.2,128.6
2541,309.04,292.3,14.99,False,120.9,123.6
2542,352.35,364.4,4.9,False,119.3,125.0
2543,143.9,128.9,11.25,True,110.5,110.8
2544,250.69,246.6,15.29,True,115.9,117.4
2545,351.9,340.2,14.59,False,109.7,113.0
2546,164.83,129.6,2.35,True,116.7,116.8
2547,113.83,95.3,7.56,False,107.5,108.2
2548,336.21,275.7,15.57,False,119.5,121.6
2549,129.96,101.8,15.54,False,107.2,107.4
2550,256.67,307.0,12.0,False,107.9,111.6
2551,411.37,407.0,3.29,False,107.2,112.7
2552,150.79,132.0,8.17,False,111.2,111.2
2553,174.16,138.0,17.36,False,107.7,108.1
2554,322.31,400.5,3.26,True,112.9,118.4
2555,243.8,238.1,14.72,False,107.1,107.8
2556,309.24,372.0,8.39,False,114.7,118.8
2557,202.44,201.1,13.79,False,119.1,121.8
2558,199.08,209.7,2.4,True,110.5,114.0
2559,238.5,234.7,1.67,True,123.3,126.2
2560,380.02,528.8,6.46,False,116.8,125.5
2561,364.77,356.4,15.86,False,122.8,124.6
2562,165.7,153.6,12.72,True,109.6,111.3
2563,244.41,256.5,11.6,True,100.0,103.4
2564,230.9,193.3,17.96,False,105.8,106.8
2565,160.61,173.4,7.23,False,106.4,109.0
2566,286.07,302.4,15.53,False,104.3,109.2
2567,267.43,269.6,3.31,True,96.8,100.6
2568,138.88,132.9,4.32,True,116.1,116.2
2569,283.11,235.0,9.39,True,98.8,99.2
2570,165.43,170.3,17.33,False,115.6,117.5
2571,251.38,292.0,13.11,False,123.1,128.6
2572,199.89,166.0,3.36,True,105.3,106.4
2573,203.26,210.4,17.26,False,112.3,113.8
2574,134.52,176.1,14.13,False,107.6,110.1
2575,78.5,80.4,13.65,False,115.0,114.7
2576,388.26,514.7,10.6,False,102.8,109.2
2577,172.57,233.6,7.99,False,109.2,113.6
2578,446.7,524.3,3.31,False,116.7,120.2
2579,229.36,239.5,11.73,False,109.7,112.4
2580,354.82,331.9,3.61,False,100.2,104.2
2581,172.39,159.5,11.23,False,117.4,117.8
2582,166.75,161.7,10.4,False,102.2,103.5
2583,184.91,226.5,11.34,True,110.5,112.6
2584,520.44,521.8,15.14,False,113.5,121.4
2585,157.48,135.6,8.28,False,110.7,112.3
2586,88.71,69.5,8.7,False,125.2,125.8
2587,372.32,395.6,2.49,False,114.4,115.6
2588,262.26,343.0,6.25,False,108.8,114.3
2589,201.57,181.7,2.84,True,113.6,115.1
2590,696.42,631.4,3.84,False,111.3,116.9
2591,601.4,646.3,8.54,False,110.3,113.0
2592,83.48,77.2,8.22,True,111.5,110.9
2593,152.31,157.3,16.94,False,107.4,109.1
2594,211.6,225.6,3.47,True,111.3,115.4
2595,255.5,287.7,3.96,False,107.0,110.5
2596,277.67,264.7,13.89,False,98.6,98.7
2597,229.33,233.1,1.87,False,116.8,118.3
2598,145.16,123.9,12.24,False,106.6,106.7
2599,299.28,307.4,13.83,False,110.8,115.3
2600,262.59,316.8,11.88,True,105.4,110.5
2601,323.54,380.6,6.25,False,105.6,107.3
2602,114.68,114.0,3.21,False,103.8,103.2
2603,203.06,205.9,17.9,False,115.7,116.3
2604,218.49,176.7,15.68,False,117.1,118.2
2605,152.51,112.7,13.56,False,110.2,110.4
2606,212.27,204.1,4.59,False,106.8,107.7
2607,129.29,127.5,8.61,False,99.8,101.4
2608,96.19,102.1,13.21,False,114.8,115.1
2609,331.56,345.4,3.17,True,105.9,111.8
2610,159.25,181.2,17.3,False,103.3,106.2
2611,181.5,153.0,17.26,False,110.2,111.4
2612,315.19,430.9,3.98,False,108.0,110.1
2613,316.99,322.0,4.75,True,100.9,104.2
2614,78.94,65.3,7.51,False,101.7,102.1
2615,267.94,288.8,8.94,False,112.0,114.7
2616,290.22,288.0,8.77,True,106.1,110.7
2617,223.69,199.4,12.86,False,113.1,116.3
2618,188.1,195.1,9.26,False,110.9,112.2
2619,102.9,86.0,4.54,False,116.3,115.7
2620,503.93,627.5,5.81,False,105.0,110.3
2621,201.5,203.6,8.28,False,111.4,113.9
2622,301.34,280.3,10.07,True,113.8,115.3
2623,204.32,210.0,16.73,False,106.2,109.1
2624,149.58,154.4,3.09,False,116.8,117.4
2625,315.24,359.8,14.77,True,100.0,102.8
2626,269.06,252.2,6.63,True,105.0,108.1
2627,171.37,204.6,13.5,True,99.8,101.2
2628,229.21,278.7,5.76,False,105.6,106.5
2629,227.28,220.9,7.85,False,109.1,110.6
2630,456.27,543.7,8.81,False,115.0,123.3
2631,260.78,353.2,13.89,False,109.1,112.4
2632,338.77,303.5,4.24,False,106.4,108.9
2633,91.19,92.0,7.22,False,100.7,101.3
2634,279.79,309.2,10.22,False,102.7,106.4
2635,258.43,305.1,12.35,False,111.9,112.4
2636,127.84,128.8,2.76,False,115.3,114.9
2637,89.34,90.8,3.06,False,107.5,107.4
2638,352.12,345.5,13.35,False,117.3,119.8
2639,339.62,368.8,7.54,True,104.3,110.1
2640,170.78,162.2,4.23,False,107.7,107.6
2641,148.12,158.1,5.84,False,108.2,109.7
2642,299.98,249.9,11.37,False,119.2,123.8
2643,134.49,180.9,17.23,False,110.8,112.4
2644,88.67,89.6,13.58,False,99.2,99.8
2645,147.06,128.0,14.65,False,115.7,116.5
2646,282.0,274.7,11.54,False,121.1,124.6
2647,148.06,132.2,7.62,False,108.5,111.0
2648,363.44,378.8,17.38,False,104.6,111.2
2649,300.51,302.4,2.84,False,115.2,117.7
2650,276.21,280.7,14.84,False,121.8,126.5
2651,208.98,247.0,5.76,True,115.1,118.1
2652,164.53,150.5,11.53,False,100.3,101.6
2653,318.84,324.9,17.71,False,114.5,119.5
2654,186.84,148.1,15.4,False,112.4,112.7
2655,444.06,390.2,15.53,False,104.3,111.1
2656,468.92,498.1,15.08,True,117.7,126.2
2657,202.54,251.4,8.99,True,112.6,114.7
2658,520.14,463.0,7.99,True,117.9,122.4
2659,122.59,129.0,10.06,False,103.6,105.7
2660,285.56,304.3,6.2,False,112.4,113.6
2661,211.58,229.9,9.39,False,104.6,107.3
2662,301.1,348.7,3.59,False,111.5,114.3
2663,87.66,67.4,16.23,True,118.9,118.8
2664,325.72,337.6,13.64,False,101.4,103.4
2665,160.72,158.7,2.52,False,101.8,102.0
2666,195.9,236.2,12.39,False,115.7,119.3
2667,537.05,621.7,14.02,False,109.9,119.9
2668,260.49,309.8,15.72,False,117.0,121.0
2669,267.16,288.1,6.93,False,105.2,108.1
2670,263.41,275.5,11.91,False,110.3,114.1
2671,465.16,412.2,6.06,False,114.1,118.1
2672,319.93,355.1,15.51,False,111.3,115.3
2673,193.46,277.2,15.94,False,99.3,103.9
2674,291.12,258.9,2.76,False,126.9,129.1
2675,250.49,249.6,6.2,True,111.3,115.2
2676,209.05,223.0,3.2,True,102.0,105.1
2677,109.63,112.8,8.08,True,111.9,112.8
2678,244.82,306.2,1.58,False,112.6,117.2
2679,208.28,167.7,14.42,False,116.0,118.8
2680,203.08,208.3,8.62,False,115.6,115.6
2681,258.98,368.0,10.32,False,108.7,109.5
2682,229.22,225.9,13.75,False,99.7,103.0
2683,239.16,216.3,13.25,False,112.8,115.7
2684,239.19,251.8,6.69,True,100.1,102.3
2685,167.43,193.8,14.42,False,117.3,118.8
2686,478.27,614.4,12.07,False,105.6,112.8
2687,440.97,569.1,5.1,True,113.8,119.3
2688,605.44,561.1,1.98,False,106.1,108.7
2689,256.95,276.0,13.98,False,107.0,108.8
2690,126.13,161.8,4.23,True,105.2,107.8
2691,358.05,373.3,3.36,False,114.3,116.5
2692,185.85,194.6,8.44,False,106.3,108.3
2693,336.84,391.0,16.71,False,114.6,118.9
2694,132.77,157.5,13.35,True,106.4,108.3
2695,237.53,286.8,14.67,False,108.6,113.7
2696,437.09,420.8,5.95,False,110.2,116.8
2697,198.7,200.7,15.28,False,110.9,113.3
2698,212.56,200.3,8.35,False,104.5,104.1
2699,104.44,96.2,17.66,False,114.2,114.7
2700,163.82,160.3,10.9,False,108.4,110.1
2701,232.64,273.1,11.5,False,113.3,113.5
2702,275.59,295.7,16.6,False,109.9,110.8
2703,350.31,319.2,17.15,False,113.5,115.3
2704,94.13,76.0,1.79,False,107.5,107.2
2705,158.14,195.1,5.34,True,105.3,107.7
2706,110.24,102.9,11.64,False,112.6,114.4
2707,275.03,265.7,1.56,True,107.0,109.2
2708,117.37,86.0,6.74,False,118.8,118.4
2709,152.71,120.6,4.74,True,110.4,111.3
2710,292.47,351.8,10.14,False,101.8,105.1
2711,191.51,170.8,11.36,False,106.5,109.3
2712,424.57,465.1,4.62,True,104.0,108.6
2713,335.13,323.7,10.35,False,116.4,119.6
2714,213.09,201.3,8.05,True,114.6,117.1
2715,282.94,381.8,17.85,False,109.6,114.3
2716,216.16,210.9,2.57,False,111.7,113.2
2717,353.24,341.1,15.37,False,109.5,111.1
2718,161.77,155.8,17.99,False,115.2,116.6
2719,347.71,393.7,10.44,True,113.1,114.2
2720,85.67,90.8,12.73,False,114.2,114.9
2721,137.2,120.5,3.61,True,108.8,109.1
2722,130.47,132.7,7.29,True,106.2,106.7
2723,137.15,165.2,4.49,False,114.0,115.7
2724,249.16,278.4,11.12,False,119.3,121.8
2725,228.42,232.6,17.04,True,116.6,118.6
2726,292.54,343.2,1.99,True,119.5,125.2
2727,381.13,423.9,9.66,False,111.0,116.8
2728,78.2,85.0,13.44,False,104.2,105.1
2729,480.15,451.4,8.61,True,104.7,108.2
2730,206.35,208.3,10.39,False,118.3,120.9
2731,427.29,555.2,8.97,True,98.8,104.9
2732,106.51,151.9,11.36,False,119.0,120.0
2733,93.97,71.1,2.63,False,105.3,105.1
2734,325.04,325.7,10.52,False,121.5,122.8
2735,302.75,314.9,9.94,False,109.6,114.2
2736,149.99,122.4,4.5,False,114.3,115.1
2737,148.41,129.6,10.32,True,124.3,123.8
2738,342.62,357.0,9.14,True,108.0,109.9
2739,253.33,285.7,11.29,False,107.9,108.4
2740,179.24,196.8,10.8,False,105.8,107.2
2741,285.74,301.4,8.18,False,104.0,105.9
2742,301.03,270.5,14.39,False,108.0,111.5
2743,143.5,137.6,7.4,False,106.7,106.9
2744,393.72,371.4,9.33,False,102.5,108.2
2745,324.35,333.5,8.54,False,108.7,114.4
2746,238.95,235.5,9.52,False,112.7,113.9
2747,434.45,357.2,14.7,False,104.6,110.3
2748,640.15,592.5,13.21,False,109.0,119.1
2749,164.19,128.7,2.2,False,118.4,120.1
2750,177.26,201.8,9.66,True,101.5,103.0
2751,258.8,207.4,3.56,True,121.6,124.3
2752,320.94,353.0,13.53,False,106.0,108.0
2753,161.91,164.1,17.78,False,111.2,113.1
2754,232.93,342.5,11.71,False,117.7,122.2
2755,179.76,175.2,7.77,True,119.5,121.3
2756,112.96,120.2,2.69,True,112.8,113.3
2757,249.88,243.2,6.99,True,105.8,106.9
2758,147.27,173.0,10.17,True,105.3,106.1
2759,292.73,256.5,16.03,False,106.6,110.6
2760,294.35,290.3,9.96,False,121.3,124.1
2761,131.84,88.7,17.74,False,107.7,107.3
2762,165.55,184.4,7.59,False,111.9,114.2
2763,280.61,243.3,1.51,False,103.7,105.7
2764,240.13,358.0,11.87,False,103.1,108.6
2765,314.76,334.8,5.12,True,110.2,111.9
2766,133.87,144.4,5.52,False,108.1,109.8
2767,194.9,213.1,1.79,True,108.5,110.6
2768,268.67,298.5,10.27,False,101.1,103.0
2769,171.35,205.0,5.58,False,109.6,110.1
2770,142.78,152.5,17.91,False,119.3,120.3
2771,204.54,227.7,15.29,True,104.9,108.3
2772,266.09,283.5,13.4,False,115.4,117.6
2773,164.31,136.5,7.34,False,89.2,89.9
2774,309.33,315.9,2.68,False,105.2,108.9
2775,276.83,251.1,12.54,False,98.5,103.2
2776,237.8,322.1,1.87,False,117.4,118.8
2777,206.99,224.9,8.79,False,115.3,118.2
2778,529.39,544.8,2.37,False,103.8,114.0
2779,270.99,280.5,10.74,False,111.7,114.2
2780,279.66,341.7,10.73,False,117.2,122.9
2781,324.25,315.3,10.26,False,118.1,121.7
2782,196.56,211.5,13.29,False,107.6,109.9
2783,224.3,267.2,5.26,False,96.7,100.7
2784,174.97,166.3,5.5,True,104.6,105.7
2785,466.22,523.8,8.37,True,114.6,121.1
2786,264.24,297.3,13.1,False,122.6,125.6
2787,137.11,147.4,3.43,False,109.7,109.8
2788,363.31,460.9,16.12,True,106.4,110.7
2789,204.89,217.5,5.66,False,124.4,126.6
2790,383.56,367.4,3.61,False,112.4,114.1
2791,101.92,87.3,11.38,False,102.6,102.2
2792,424.66,416.6,6.05,True,109.3,111.3
2793,292.92,290.8,8.24,True,116.0,117.4
2794,133.36,140.8,2.51,False,109.6,110.6
2795,210.78,288.1,9.17,True,114.8,115.7
2796,391.59,495.9,6.51,True,100.4,105.9
2797,147.13,169.0,4.3,True,101.4,102.2
2798,152.18,167.8,7.87,False,105.6,108.3
2799,231.28,209.8,14.21,False,108.3,111.8
2800,259.58,242.0,14.1,False,112.0,113.8
2801,453.84,380.2,7.45,False,113.8,116.0
2802,250.16,299.4,17.57,False,124.8,126.0
2803,241.15,209.7,3.58,True,105.6,106.4
2804,303.91,273.3,15.6,False,108.1,111.0
2805,466.1,539.0,17.65,False,105.7,112.2
2806,331.45,327.1,10.95,False,116.5,120.5
2807,248.13,222.0,2.49,True,116.8,120.5
2808,195.97,206.3,16.7,False,107.3,110.5
2809,240.63,264.7,8.71,False,122.4,124.8
2810,309.7,377.8,4.34,False,105.7,110.7
2811,109.27,156.0,16.21,False,116.2,116.8
2812,329.86,350.7,8.54,False,118.7,123.2
2813,190.82,219.6,9.74,False,101.8,102.6
2814,191.44,237.5,10.92,False,113.5,115.0
2815,710.13,765.4,16.46,False,93.6,99.3
2816,252.69,332.1,9.81,False,114.9,115.9
2817,191.22,176.0,16.16,False,103.4,104.7
2818,285.47,290.3,4.31,True,113.4,117.5
2819,334.46,387.8,11.68,False,114.5,117.3
2820,317.48,334.1,10.17,True,116.7,121.8
2821,76.64,64.4,6.86,False,115.3,114.7
2822,250.62,232.2,5.01,False,110.3,113.6
2823,275.45,297.1,2.65,False,107.7,109.4
2824,275.01,284.5,5.82,True,109.6,111.6
2825,189.17,183.9,12.73,True,103.3,104.1
2826,288.27,337.1,6.09,False,108.7,110.7
2827,309.07,417.5,13.51,True,108.3,110.1
2828,113.76,90.3,15.94,False,105.3,106.0
2829,100.47,85.6,12.96,False,99.6,99.5
2830,248.78,289.0,14.78,False,102.3,103.0
2831,344.4,351.8,10.96,False,91.1,94.0
2832,198.16,169.4,17.12,False,108.2,109.9
2833,91.32,66.5,14.09,False,112.2,111.8
2834,208.93,234.3,6.82,False,93.9,95.5
2835,217.79,286.8,13.44,False,111.4,112.7
2836,165.15,200.6,12.59,True,109.3,112.5
2837,347.77,392.8,13.9,False,102.9,109.0
2838,312.82,277.6,6.77,False,107.4,110.0
2839,146.75,159.5,9.91,False,116.3,117.3
2840,156.08,168.7,16.03,False,104.2,105.1
2841,208.47,237.0,17.6,False,110.5,112.5
2842,173.07,193.3,7.44,False,112.1,114.9
2843,91.05,82.5,9.53,False,105.1,105.2
2844,212.26,265.0,6.96,False,116.0,118.1
2845,189.23,171.2,13.35,False,112.4,113.9
2846,185.19,187.5,2.14,True,108.5,110.6
2847,171.74,128.1,17.24,False,124.2,125.0
2848,385.6,502.7,10.56,False,116.1,123.0
2849,363.11,321.8,5.97,True,99.9,103.7
2850,607.05,568.2,2.12,True,107.7,111.3
2851,182.82,200.1,10.75,False,124.8,125.5
2852,293.1,331.5,11.17,False,104.1,106.5
2853,226.49,267.5,12.97,False,110.4,113.4
2854,138.0,163.0,10.17,False,117.4,118.3
2855,202.64,199.0,10.01,True,113.9,116.6
2856,310.4,321.5,6.52,True,114.8,118.0
2857,113.92,128.0,4.7,False,114.4,115.7
2858,473.38,394.9,5.64,False,110.2,114.8
2859,237.49,255.9,7.68,False,105.2,106.8
2860,338.99,367.9,14.26,False,112.6,114.9
2861,247.14,287.4,3.45,False,107.6,108.9
2862,104.01,90.7,12.12,True,107.1,107.6
2863,207.61,232.3,2.13,True,118.9,119.4
2864,359.05,399.4,2.21,True,107.7,110.6
2865,238.38,253.9,6.02,False,120.2,121.7
2866,251.2,235.5,7.39,False,111.5,113.6
2867,243.23,253.7,4.63,True,109.0,113.3
2868,97.51,78.8,16.12,False,99.1,100.3
2869,381.91,421.1,6.53,False,122.7,124.4
2870,70.32,57.4,9.23,False,110.0,109.9
2871,396.39,467.2,17.9,False,96.4,97.6
2872,206.57,192.4,5.69,False,115.9,117.7
2873,291.14,298.0,11.71,False,109.7,111.6
2874,89.76,75.0,13.82,False,104.4,104.2
2875,316.91,349.8,5.97,True,115.6,118.8
2876,295.02,319.0,2.45,False,94.7,97.9
2877,285.48,308.8,14.56,True,105.7,111.6
2878,82.35,73.0,6.27,False,108.2,107.4
2879,145.02,150.9,6.8,True,115.1,116.8
2880,295.36,288.2,8.34,True,123.4,125.8
2881,423.62,415.1,2.14,True,108.5,110.2
2882,174.28,138.5,15.55,False,112.8,113.7
2883,140.74,140.6,15.74,False,126.5,127.8
2884,281.39,278.2,15.88,False,110.0,115.1
2885,482.85,728.8,4.51,True,112.8,121.1
2886,191.46,164.6,17.61,False,102.6,104.6
2887,154.3,191.1,12.41,False,121.8,123.0
2888,156.16,175.8,11.28,False,105.7,108.3
2889,216.03,219.9,13.42,True,111.6,113.7
2890,364.76,432.4,13.97,False,111.4,116.3
2891,202.41,226.3,8.37,False,110.5,113.3
2892,629.46,766.5,11.13,False,107.4,111.2
2893,261.38,249.0,11.15,False,111.4,114.9
2894,361.77,454.4,1.63,True,120.5,125.2
2895,194.81,199.0,1.66,True,123.7,126.8
2896,119.98,113.0,9.27,False,108.9,110.0
2897,242.02,226.1,10.71,False,107.3,109.3
2898,320.59,311.3,13.17,False,105.1,110.2
2899,124.7,151.7,13.92,False,126.1,127.9
2900,437.31,417.0,11.17,False,110.8,112.6
2901,162.5,180.6,6.19,False,116.7,119.4
2902,137.51,128.1,11.72,False,114.2,115.0
2903,524.4,689.3,5.79,True,123.3,135.1
2904,159.59,147.2,14.99,False,108.5,110.7
2905,236.45,177.6,8.48,True,103.4,103.6
2906,316.69,338.6,16.27,False,121.2,121.8
2907,180.82,195.2,3.61,True,115.4,116.0
2908,131.44,130.8,13.14,False,112.7,114.5
2909,136.26,168.0,8.58,True,119.2,121.3
2910,628.51,588.3,3.6,True,113.1,121.2
2911,302.61,317.2,10.72,True,119.4,124.5
2912,277.78,350.7,5.0,True,111.5,116.1
2913,217.78,271.0,6.32,False,115.4,118.2
2914,280.0,295.9,9.03,True,113.2,118.4
2915,206.16,187.1,7.51,False,108.0,108.9
2916,202.95,253.0,7.91,True,108.8,111.4
2917,93.45,69.4,8.05,False,107.6,107.5
2918,347.67,385.9,1.78,True,111.6,113.4
2919,168.2,186.2,7.56,True,107.3,109.1
2920,117.03,118.7,7.99,False,112.6,112.2
2921,304.68,260.9,11.28,False,112.4,115.5
2922,165.88,211.3,9.44,True,111.2,111.5
2923,317.71,378.7,4.35,True,111.3,114.9
2924,250.82,228.8,11.2,False,106.6,107.3
2925,175.75,165.9,2.08,False,108.3,110.3
2926,207.45,231.9,7.0,False,100.0,102.0
2927,491.97,482.0,11.73,True,109.3,116.5
2928,405.5,385.3,11.8,True,104.1,107.8
2929,315.0,316.8,4.48,True,110.6,111.3
2930,325.49,394.2,7.1,False,105.7,111.6
2931,284.18,329.8,9.05,True,97.7,99.0
2932,142.37,141.2,8.29,True,123.5,123.8
2933,274.3,352.3,12.81,False,108.6,112.4
2934,440.37,419.0,13.71,False,118.7,125.5
2935,470.91,431.5,2.17,True,106.8,113.3
2936,121.81,124.5,13.8,False,120.2,119.7
2937,175.13,177.9,16.0,True,103.1,105.0
2938,188.5,163.4,16.58,False,111.1,112.3
2939,234.23,197.9,2.42,False,103.4,106.2
2940,326.98,299.4,16.08,False,125.6,130.5
2941,189.91,257.3,4.2,True,108.5,110.4
2942,234.13,257.4,7.08,True,115.0,117.0
2943,112.12,106.0,7.8,True,112.7,114.0
2944,159.17,174.2,6.43,False,109.8,110.7
2945,501.59,448.3,6.36,True,113.1,120.7
2946,460.25,418.0,4.3,False,118.2,122.4
2947,193.85,226.7,12.37,False,114.0,117.8
2948,323.9,352.8,11.08,False,111.0,112.8
2949,252.42,285.1,11.62,False,113.1,116.3
2950,332.0,373.3,10.1,True,121.5,125.0
2951,315.39,360.9,5.14,True,107.5,111.9
2952,252.13,236.7,11.17,False,98.9,103.4
2953,262.22,317.8,12.29,False,103.4,107.0
2954,182.96,295.2,2.36,False,103.9,108.3
2955,185.91,240.1,17.8,False,104.7,105.3
2956,190.68,212.8,11.07,True,104.9,105.1
2957,437.34,545.7,12.03,True,109.9,117.3
2958,232.12,240.3,10.9,False,111.5,113.7
2959,278.59,341.3,12.9,False,111.4,112.6
2960,391.42,523.7,12.34,False,105.6,112.4
2961,263.41,317.5,14.69,False,116.0,120.4
2962,250.15,310.0,4.17,True,113.2,113.7
2963,220.0,241.0,4.2,False,119.5,119.5
2964,266.51,298.0,5.12,True,115.1,117.2
2965,216.19,203.2,17.4,False,107.9,110.3
2966,615.54,819.5,7.39,False,117.8,132.1
2967,108.26,107.5,6.72,False,111.6,111.8
2968,208.62,220.1,5.28,False,114.8,115.1
2969,321.27,320.3,9.44,True,114.3,119.5
2970,285.41,310.2,16.44,False,109.3,110.6
2971,210.57,203.0,12.62,False,110.6,112.3
2972,79.52,86.1,4.6,False,109.2,109.5
2973,128.87,117.8,15.32,True,104.9,106.2
2974,233.68,267.0,17.1,False,97.1,100.8
2975,73.72,72.0,13.27,False,105.8,105.9
2976,300.61,332.2,11.29,False,111.2,114.6
2977,476.92,436.6,12.58,False,116.5,119.3
2978,300.31,363.6,13.64,False,114.8,117.2
2979,358.97,401.8,15.68,False,108.3,111.6
2980,68.36,73.6,12.37,False,105.9,106.7
2981,165.12,207.4,10.27,True,108.9,111.9
2982,129.9,135.0,4.51,False,104.1,103.7
2983,99.22,94.5,7.67,False,97.3,98.2
2984,173.18,184.2,2.9,True,100.7,102.5
2985,450.54,516.9,13.52,False,118.2,123.2
2986,407.7,592.2,17.87,False,121.1,127.3
2987,137.71,145.1,3.08,False,114.5,115.8
2988,255.77,249.5,8.76,False,109.7,112.2
2989,233.32,295.7,13.05,False,101.6,104.3
2990,197.13,208.3,1.99,True,109.0,112.7
2991,422.77,453.2,8.75,True,113.7,115.0
2992,168.67,185.8,14.61,False,115.0,115.7
2993,177.81,168.9,6.34,True,114.1,115.2
2994,121.3,149.6,12.39,False,117.3,117.8
2995,221.18,207.5,11.52,False,121.7,122.2
2996,69.25,45.7,13.05,False,107.6,106.8
2997,214.27,212.9,5.46,False,126.8,128.8
2998,269.97,257.9,4.28,False,97.9,100.4
2999,249.35,266.7,1.78,False,105.3,108.5
3000,131.99,130.4,9.43,True,111.2,111.1
3001,293.78,263.9,4.58,False,113.3,116.5
3002,303.3,261.0,12.24,False,108.9,110.8
3003,229.46,264.1,10.56,True,107.0,107.9
3004,328.99,367.3,15.26,False,123.2,128.7
3005,148.28,127.3,14.73,False,106.7,106.7
3006,193.82,209.6,7.46,True,103.9,107.0
3007,92.58,82.8,6.39,False,120.1,120.7
3008,366.37,349.4,2.86,False,115.1,119.3
3009,134.01,138.9,13.98,True,116.6,117.8
3010,383.8,397.4,9.69,False,111.2,117.1
3011,368.63,404.8,7.05,False,101.7,103.8
3012,176.51,221.1,13.11,True,110.5,113.9
3013,180.46,214.7,6.02,False,100.9,100.8
3014,104.17,102.0,9.39,False,111.5,112.2
3015,259.76,245.2,8.69,False,113.9,117.8
3016,374.18,365.6,5.96,False,116.5,118.4
3017,292.38,281.9,14.54,False,109.4,113.6
3018,461.28,482.2,13.17,False,114.5,119.9
3019,203.54,196.3,10.07,False,104.6,106.7
3020,201.83,196.2,12.91,True,115.8,116.5
3021,153.86,144.3,2.98,True,114.0,114.7
3022,614.64,651.0,8.59,False,105.2,109.3
3023,101.58,101.5,11.4,True,113.2,112.3
3024,285.87,351.7,8.0,False,116.5,121.0
3025,284.16,369.6,13.28,False,110.5,115.3
3026,382.88,361.3,10.12,False,105.1,110.4
3027,180.39,151.2,7.82,False,111.1,112.6
3028,85.72,112.1,8.35,False,113.3,114.0
3029,258.78,221.0,13.32,False,105.0,106.2
3030,304.08,325.2,2.59,False,104.0,106.9
3031,184.42,170.6,15.33,False,113.1,115.8
3032,220.66,204.2,2.45,True,114.9,116.5
3033,193.18,172.3,3.69,False,122.9,123.4
3034,247.12,254.3,14.87,False,114.0,116.9
3035,183.92,245.3,7.68,False,102.7,103.8
3036,468.46,528.0,9.08,True,122.2,129.6
3037,321.8,329.0,7.65,True,116.3,117.7
3038,124.2,115.4,3.04,True,98.0,99.2
3039,137.13,120.8,11.54,False,103.8,104.6
3040,330.7,355.0,12.87,False,107.1,113.5
3041,212.74,243.9,4.63,False,115.0,117.2
3042,470.59,630.3,13.91,True,95.7,106.0
3043,531.5,629.3,3.15,True,109.3,118.3
3044,149.5,143.8,14.28,False,114.7,114.8
3045,190.65,284.2,13.07,True,93.0,95.7
3046,111.7,121.6,16.55,False,114.5,115.6
3047,236.11,351.9,14.92,False,115.2,117.0
3048,473.83,568.4,15.43,False,104.9,110.0
3049,290.07,263.2,17.3,False,103.1,104.2
3050,159.49,192.5,15.43,False,104.8,107.1
3051,307.57,299.9,14.64,False,94.0,96.7
3052,480.58,390.8,4.74,True,108.0,109.7
3053,423.95,392.2,13.96,False,111.3,115.9
3054,194.75,193.7,11.94,True,102.7,104.7
3055,186.12,168.2,17.37,False,115.8,118.5
3056,211.61,276.1,13.38,False,110.6,114.9
3057,157.64,200.9,5.78,False,111.6,115.0
3058,413.56,453.3,4.21,True,107.6,112.0
3059,204.07,199.5,6.14,False,114.5,116.1
3060,277.58,253.0,9.42,False,117.7,119.2
3061,257.91,295.9,12.27,False,107.6,112.9
3062,118.02,103.6,5.05,True,114.6,114.2
3063,186.7,176.2,5.34,False,114.6,115.9
3064,542.52,615.4,6.48,True,112.5,117.1
3065,355.08,382.0,14.82,False,120.1,125.7
3066,169.71,198.1,7.53,True,105.6,106.7
3067,328.58,352.6,2.79,False,107.5,112.4
3068,416.72,449.3,10.49,False,105.3,112.7
3069,195.51,215.3,1.6,True,114.4,114.7
3070,378.59,372.4,12.62,True,108.4,113.9
3071,354.86,344.7,15.39,False,105.8,108.1
3072,138.97,122.8,4.25,False,120.0,119.9
3073,183.61,216.0,15.44,False,120.9,122.6
3074,486.99,535.4,12.7,False,108.0,114.9
3075,472.96,606.0,3.13,False,101.8,106.7
3076,357.38,383.7,5.26,False,121.2,126.8
3077,158.53,172.9,5.25,True,112.8,114.9
3078,94.38,61.5,4.89,False,112.5,112.1
3079,176.2,160.0,7.02,False,110.6,110.2
3080,132.9,113.3,16.48,False,105.2,105.6
3081,576.03,556.6,5.2,False,107.5,112.0
3082,86.32,81.6,16.79,True,114.1,115.1
3083,133.58,124.7,10.57,False,107.3,108.4
3084,320.83,273.0,10.03,False,112.6,116.9
3085,234.18,243.0,12.62,False,110.1,113.6
3086,386.79,521.3,14.79,True,103.7,107.7
3087,338.04,333.3,17.3,False,119.7,122.7
3088,214.68,224.7,1.54,True,113.6,116.2
3089,498.29,457.7,8.07,True,112.0,117.0
3090,193.06,195.0,4.45,True,113.3,114.5
3091,484.52,544.0,4.0,True,99.2,107.6
3092,180.86,147.9,3.93,False,107.0,109.6
3093,51.96,41.8,13.21,True,100.8,100.5
3094,204.56,238.1,2.34,False,110.7,113.1
3095,79.17,66.9,15.31,True,112.0,113.0
3096,258.87,394.3,13.92,False,110.8,115.6
3097,276.49,264.7,8.25,False,117.1,118.6
3098,455.19,544.8,8.52,True,101.0,110.9
3099,228.42,211.7,12.69,True,105.2,105.4
3100,123.75,102.7,1.68,True,112.5,113.7
3101,312.49,310.7,7.89,False,111.6,114.2
3102,174.15,179.2,4.47,True,102.1,103.4
3103,292.03,364.5,4.48,False,117.2,123.1
3104,156.15,149.7,10.58,True,119.3,121.3
3105,496.73,493.3,5.56,False,112.6,115.1
3106,234.14,252.9,7.69,False,100.9,103.8
3107,203.24,225.2,13.34,True,111.0,111.9
3108,365.42,475.8,11.74,False,112.0,114.5
3109,362.49,397.4,6.95,False,108.4,113.0
3110,155.19,161.6,2.32,True,118.1,121.1
3111,357.21,391.3,1.94,False,109.3,115.7
3112,308.03,349.0,9.54,False,122.6,126.9
3113,205.81,232.2,8.46,False,114.7,117.1
3114,348.66,374.6,14.64,False,111.7,115.0
3115,474.34,492.1,2.85,True,115.5,118.3
3116,280.37,236.0,15.52,False,119.2,121.5
3117,251.52,236.5,5.01,False,115.4,119.3
3118,265.21,229.4,7.29,True,109.5,112.3
3119,138.4,157.9,15.69,False,106.0,105.9
3120,180.6,234.7,15.32,False,103.3,104.8
3121,210.86,220.6,10.0,False,95.4,95.3
3122,223.78,213.5,2.85,False,111.0,114.4
3123,214.9,211.8,11.24,False,107.7,108.3
3124,152.05,124.5,14.07,False,108.0,108.6
3125,255.74,418.8,5.83,False,116.2,121.4
3126,203.95,176.1,4.52,True,109.3,109.4
3127,472.63,506.9,9.7,False,121.4,126.1
3128,119.05,140.2,13.86,False,106.6,108.1
3129,550.99,568.8,9.83,False,104.2,109.3
3130,194.31,200.2,5.45,False,102.5,103.9
3131,377.91,393.8,15.84,False,114.3,121.5
3132,281.68,263.3,15.89,False,116.9,118.0
3133,120.36,114.8,12.36,False,106.4,106.1
3134,99.43,118.4,2.73,True,103.6,104.0
3135,163.01,167.9,5.33,False,119.2,120.4
3136,157.03,194.0,11.71,False,101.3,105.1
3137,243.72,240.1,14.39,False,116.1,116.1
3138,325.33,294.4,9.33,False,106.6,111.7
3139,182.7,223.2,6.52,False,112.4,114.5
3140,243.73,285.9,16.09,False,116.5,117.5
3141,258.06,311.4,7.79,False,112.9,116.7
3142,191.46,217.7,16.62,False,108.2,110.4
3143,332.94,346.0,10.28,False,118.4,120.2
3144,341.1,387.7,11.64,False,111.7,114.2
3145,325.59,315.7,3.56,True,132.1,134.5
3146,347.41,325.4,5.92,True,99.8,102.9
3147,297.96,272.3,17.58,False,99.7,100.1
3148,329.61,438.3,13.36,False,116.0,117.3
3149,267.42,243.2,9.37,False,109.8,112.0
3150,197.44,169.6,10.1,False,114.8,116.4
3151,293.15,247.1,2.95,False,103.4,107.0
3152,119.84,116.0,14.42,False,110.3,110.5
3153,110.86,108.1,2.68,False,112.7,114.1
3154,311.38,388.7,7.89,False,106.7,112.6
3155,393.78,511.3,8.28,True,111.4,120.7
3156,198.31,203.7,11.45,False,101.8,104.3
3157,390.85,390.7,8.36,False,112.4,116.0
3158,96.16,84.1,17.35,False,118.7,119.2
3159,91.58,76.0,14.67,False,102.6,103.6
3160,398.02,444.9,17.33,False,102.2,109.5
3161,280.56,316.3,10.06,True,117.1,122.8
3162,215.76,243.7,6.49,True,102.1,105.0
3163,548.78,556.0,17.69,False,115.0,121.2
3164,230.15,225.3,2.84,False,110.3,112.3
3165,147.02,134.3,16.8,False,107.5,108.4
3166,109.35,99.6,3.08,True,118.8,119.8
3167,248.82,247.0,14.81,False,115.6,119.1
3168,274.37,272.0,14.37,False,111.7,112.0
3169,192.32,217.8,12.39,False,97.1,101.1
3170,393.11,395.4,14.41,False,114.3,117.7
3171,450.11,482.0,2.95,False,103.6,106.7
3172,191.22,202.5,7.66,False,108.7,109.5
3173,103.22,84.0,7.05,True,110.0,109.1
3174,284.18,286.8,17.7,False,121.4,123.3
3175,464.37,443.0,9.3,False,108.5,110.8
3176,158.33,203.0,2.32,True,101.5,102.7
3177,361.4,325.4,5.78,True,118.8,119.5
3178,136.49,128.8,15.43,False,114.4,115.2
3179,255.11,283.1,16.21,False,114.6,119.4
3180,277.27,328.6,16.8,False,118.9,122.7
3181,225.99,287.4,3.88,False,120.3,120.7
3182,440.51,634.2,12.85,False,104.6,111.8
3183,493.46,508.0,8.14,True,101.7,108.4
3184,411.87,357.1,13.64,False,115.1,119.7
3185,303.77,421.0,15.1,True,108.4,111.1
3186,236.4,282.0,5.81,True,109.0,113.0
3187,254.06,237.9,9.76,False,103.3,104.7
3188,187.59,191.2,6.9,False,113.5,114.7
3189,140.59,127.2,9.02,False,112.4,114.4
3190,464.69,520.6,6.3,False,109.1,114.7
3191,533.87,647.5,7.1,True,101.7,105.9
3192,221.9,250.3,5.99,True,117.3,119.3
3193,174.6,252.6,6.42,True,111.5,114.3
3194,251.99,335.9,11.04,True,116.7,118.6
3195,247.89,225.9,11.4,False,97.4,98.5
3196,157.38,136.5,16.69,False,110.3,110.7
3197,144.66,114.0,7.94,True,105.7,105.9
3198,601.17,635.3,12.35,False,110.2,116.5
3199,77.47,90.9,17.43,False,115.7,115.7
3200,254.21,293.3,9.19,False,112.2,115.4
3201,123.24,97.8,14.36,False,110.1,109.8
3202,270.96,232.0,17.5,False,110.1,114.4
3203,240.56,201.9,14.53,False,100.6,103.0
3204,106.13,106.9,2.83,False,104.6,103.9
3205,246.28,342.2,4.69,False,116.7,118.1
3206,133.72,131.1,6.37,False,107.0,108.4
3207,106.91,99.0,12.82,False,116.8,117.7
3208,399.24,362.4,12.58,False,115.0,117.9
3209,197.94,202.4,3.76,False,115.3,116.6
3210,165.09,159.3,8.91,False,112.0,113.7
3211,339.55,374.3,8.46,False,107.4,110.0
3212,141.66,127.4,12.88,False,109.1,109.4
3213,107.11,85.3,5.81,False,113.8,114.3
3214,381.4,465.0,5.42,True,97.2,103.8
3215,452.54,587.9,11.35,False,117.5,122.7
3216,261.75,228.7,2.87,False,107.0,107.8
3217,51.39,40.0,12.54,True,109.5,108.4
3218,260.83,227.0,8.75,False,109.5,111.5
3219,266.91,385.8,10.35,True,109.8,113.9
3220,371.29,440.2,14.73,False,102.1,108.4
3221,160.52,135.6,4.49,True,110.9,111.8
3222,193.16,207.9,4.96,True,113.6,115.2
3223,218.54,281.0,16.37,False,97.7,100.2
3224,356.71,374.0,13.73,True,102.2,108.5
3225,330.69,353.0,5.83,True,115.4,121.5
3226,294.89,323.1,13.39,False,114.3,117.3
3227,364.37,439.6,9.04,False,111.8,117.0
3228,222.41,237.7,11.69,False,105.9,107.0
3229,436.09,523.1,14.48,False,114.3,116.2
3230,229.23,179.4,2.24,False,102.8,103.2
3231,324.4,355.9,11.58,True,109.2,115.0
3232,190.06,194.0,7.08,True,102.2,104.4
3233,210.95,230.5,10.02,False,109.0,111.2
3234,292.61,250.6,7.5,True,103.8,106.6
3235,156.95,188.0,17.03,False,114.5,114.5
3236,428.02,449.9,11.35,False,112.6,119.8
3237,186.2,199.2,15.47,False,106.6,107.6
3238,187.14,243.7,5.74,False,116.5,120.1
3239,272.4,333.8,7.52,False,104.3,106.2
3240,720.48,783.2,14.49,False,109.8,112.8
3241,281.35,340.4,5.37,True,106.3,110.1
3242,242.97,255.4,18.0,False,114.5,115.1
3243,104.5,77.3,12.39,False,113.9,114.1
3244,223.84,227.2,16.3,True,117.8,120.8
3245,142.93,169.8,3.22,True,110.5,112.0
3246,179.34,206.4,8.33,False,92.2,93.5
3247,182.68,191.8,7.04,False,107.4,109.1
3248,287.06,332.1,17.52,False,119.4,122.9
3249,215.36,224.5,3.89,False,108.1,109.5
3250,155.96,147.9,13.84,True,98.5,99.8
3251,444.8,394.5,11.91,False,112.7,118.0
3252,128.02,119.9,15.55,False,113.1,113.9
3253,198.05,249.1,17.63,False,105.6,108.2
3254,249.28,228.1,14.8,False,108.5,111.5
3255,330.92,297.9,5.66,True,104.9,107.2
3256,415.84,442.1,15.27,False,113.1,118.7
3257,719.91,848.0,10.19,False,110.3,123.6
3258,256.04,255.4,12.28,False,103.0,105.5
3259,160.23,168.3,6.13,False,109.9,109.6
3260,121.2,159.4,14.96,True,105.6,107.1
3261,172.28,159.0,8.83,False,118.8,119.6
3262,307.29,292.0,14.84,False,115.4,118.5
3263,96.09,67.6,8.55,False,109.3,109.1
3264,111.42,115.8,11.67,False,110.5,110.2
3265,278.74,292.2,3.2,False,116.1,118.5
3266,391.53,405.0,3.03,False,109.0,113.2
3267,371.65,406.2,17.22,False,114.6,118.7
3268,244.77,261.9,13.48,False,118.9,119.7
3269,339.28,377.4,4.35,True,107.1,112.7
3270,413.84,446.2,11.36,False,119.9,124.9
3271,215.22,197.6,14.39,False,118.1,121.0
3272,442.72,422.1,11.38,False,111.5,113.5
3273,104.06,94.4,8.9,False,107.3,107.7
3274,119.51,114.0,15.28,False,111.4,111.7
3275,193.76,204.2,2.34,True,108.5,110.8
3276,89.73,87.6,11.95,False,105.2,105.0
3277,241.07,335.0,9.3,False,113.2,117.1
3278,180.34,181.6,12.19,False,103.9,107.3
3279,235.6,229.4,6.29,True,108.0,109.9
3280,218.73,234.1,4.18,True,108.0,109.4
3281,197.35,201.3,17.57,False,101.8,104.6
3282,170.54,158.4,15.76,False,114.0,115.8
3283,350.61,326.4,16.5,False,108.6,113.2
3284,166.75,179.4,14.18,False,117.8,121.1
3285,187.27,232.4,2.57,False,108.5,111.0
3286,273.97,299.5,11.86,False,107.6,108.7
3287,505.01,444.2,7.79,True,104.6,107.7
3288,324.95,425.6,7.02,False,110.2,117.2
3289,189.81,188.4,5.61,False,110.3,110.4
3290,175.92,153.8,4.48,True,114.5,115.0
3291,298.56,492.6,3.8,False,110.4,118.4
3292,188.35,178.9,3.5,True,122.6,124.4
3293,323.55,319.3,13.24,False,112.7,113.4
3294,83.65,85.0,16.85,False,104.1,104.9
3295,72.57,66.6,7.78,False,103.6,104.2
3296,225.6,255.2,3.25,True,113.2,116.8
3297,192.47,215.3,5.15,False,103.9,106.6
3298,324.96,363.8,13.83,False,113.6,117.8
3299,156.43,159.5,7.25,False,115.4,115.1
3300,256.6,287.4,12.44,True,115.5,117.2
3301,372.02,353.4,4.89,True,104.8,108.2
3302,128.31,163.1,13.99,False,115.5,117.3
3303,159.65,204.0,12.31,False,111.9,114.1
3304,161.25,126.9,5.17,False,106.4,108.5
3305,340.61,370.8,16.88,False,109.0,110.4
3306,288.03,328.6,10.12,False,112.8,115.9
3307,305.59,341.9,5.13,False,106.0,109.3
3308,217.25,214.9,10.85,False,111.8,114.3
3309,280.65,325.6,8.35,False,118.7,121.5
3310,68.46,45.1,16.63,False,115.8,114.9
3311,192.15,225.5,6.61,False,110.5,111.2
3312,462.95,537.6,16.12,False,111.4,119.1
3313,172.81,244.2,13.75,False,106.8,110.0
3314,438.98,412.5,12.72,False,106.9,113.9
3315,201.01,215.5,4.53,False,100.8,103.4
3316,464.75,477.6,2.92,False,111.5,118.0
3317,151.85,153.6,15.76,False,114.1,115.5
3318,304.57,307.1,10.91,False,109.6,113.5
3319,164.64,170.9,17.43,False,104.7,104.6
3320,278.77,280.7,10.02,False,110.4,112.7
3321,155.12,179.4,11.26,False,118.1,120.5
3322,196.69,243.6,17.95,False,115.4,118.9
3323,191.61,194.0,13.31,False,109.8,111.9
3324,293.4,346.7,7.44,False,122.3,124.3
3325,345.03,314.0,15.16,False,126.2,131.2
3326,183.35,167.5,6.38,False,107.1,108.2
3327,154.6,164.8,10.16,False,108.5,109.6
3328,142.43,146.2,5.43,False,114.2,115.1
3329,136.07,130.4,17.91,False,104.5,104.9
3330,331.41,359.3,16.92,False,115.1,118.3
3331,150.99,141.6,15.92,False,110.6,112.0
3332,271.29,293.5,8.12,False,112.2,115.3
3333,155.78,184.9,13.52,False,106.5,107.7
3334,271.71,406.2,5.8,False,105.3,107.8
3335,519.88,607.3,7.93,False,98.1,106.1
3336,68.58,39.1,14.77,False,118.9,118.4
3337,158.34,152.5,2.43,True,115.6,117.9
3338,216.55,183.2,2.32,False,114.0,114.3
3339,211.62,219.0,12.41,False,112.1,114.6
3340,238.28,211.6,14.28,False,96.2,99.6
3341,127.52,113.0,7.83,True,105.5,106.3
3342,624.32,613.9,12.63,False,108.5,117.5
3343,179.93,215.9,16.4,False,103.5,104.5
3344,292.08,313.2,3.15,False,99.8,103.5
3345,332.92,318.4,15.2,False,104.1,105.4
3346,110.78,98.8,11.1,False,110.3,110.4
3347,211.71,200.2,8.47,False,110.3,111.3
3348,265.44,359.3,2.35,True,115.4,119.2
3349,559.37,493.9,7.84,False,122.4,125.3
3350,180.05,202.5,14.6,False,114.1,115.6
3351,97.46,109.5,10.44,False,108.9,109.1
3352,174.62,174.6,4.41,False,120.8,121.5
3353,133.09,197.7,5.33,False,100.5,101.1
3354,165.27,193.6,15.49,False,97.5,98.1
3355,195.35,146.3,8.64,False,104.7,106.8
3356,110.94,102.8,3.08,True,114.9,115.4
3357,113.33,126.2,17.56,False,111.0,112.0
3358,181.83,175.5,5.68,False,103.2,104.6
3359,277.66,356.1,14.64,False,105.6,108.6
3360,436.91,429.7,1.71,False,102.6,108.9
3361,219.42,258.3,5.73,False,102.6,105.8
3362,136.96,128.2,7.06,False,119.3,121.0
3363,142.69,181.1,15.68,False,109.1,109.8
3364,104.17,68.4,13.84,False,120.6,120.9
3365,475.75,499.0,6.58,False,104.7,107.9
3366,171.34,165.7,14.49,False,112.9,114.4
3367,270.68,299.2,14.87,True,111.4,116.3
3368,345.18,413.7,9.95,False,115.3,118.8
3369,449.54,573.1,9.88,False,111.5,116.9
3370,312.89,377.2,9.91,True,115.9,117.5
3371,231.3,192.9,4.26,False,113.3,114.4
3372,275.48,321.0,14.91,False,103.5,104.0
3373,361.99,561.8,13.29,False,114.4,119.3
3374,140.28,164.8,15.51,False,109.4,112.5
3375,126.28,99.8,14.96,False,105.3,106.1
3376,150.46,147.0,14.46,False,114.2,114.9
3377,274.9,309.5,14.38,True,115.5,117.9
3378,211.84,195.7,17.08,False,107.1,108.3
3379,210.19,231.3,11.49,False,107.9,109.1
3380,342.43,337.8,15.16,True,101.7,107.5
3381,130.39,145.1,14.72,False,99.2,100.4
3382,224.04,225.1,5.96,False,108.5,111.2
3383,170.11,179.4,10.83,True,114.8,116.9
3384,470.68,549.8,13.54,False,106.6,110.8
3385,375.18,370.9,3.21,False,118.6,119.3
3386,209.43,196.5,10.25,False,108.8,111.2
3387,182.61,190.4,1.55,True,108.8,109.4
3388,493.43,583.3,5.46,True,108.3,110.4
3389,615.34,557.8,9.53,True,115.9,126.0
3390,306.56,308.4,6.56,False,104.2,108.9
3391,209.83,237.2,14.22,False,109.2,110.0
3392,115.14,114.3,12.02,False,106.7,107.6
3393,176.87,147.7,5.91,True,106.6,106.8
3394,117.4,109.3,1.78,False,110.2,111.3
3395,380.17,422.6,5.7,True,109.3,113.1
3396,120.41,115.3,10.06,True,116.3,117.1
3397,193.42,189.0,14.08,False,109.9,111.7
3398,83.27,76.0,11.46,False,113.3,113.8
3399,118.63,94.1,2.42,False,111.0,112.0
3400,370.91,346.1,9.2,False,118.4,119.5
3401,286.93,283.3,17.33,False,108.2,112.7
3402,279.51,242.0,16.42,False,108.2,109.0
3403,185.6,191.0,13.75,False,114.5,114.8
3404,96.34,87.2,6.18,True,108.1,108.0
3405,195.68,176.9,1.87,True,113.0,114.2
3406,238.07,217.6,9.03,True,124.0,126.7
3407,346.14,333.5,7.68,False,104.1,108.7
3408,403.86,410.1,12.65,False,119.2,126.3
3409,414.31,352.0,2.66,False,107.0,110.5
3410,247.35,282.3,16.74,False,118.0,120.9
3411,223.92,239.9,13.64,False,114.1,115.1
3412,241.44,267.3,17.52,False,113.6,117.3
3413,153.5,170.3,15.78,False,109.1,111.9
3414,180.28,251.3,8.6,False,108.5,110.1
3415,246.48,217.0,12.43,False,105.7,107.9
3416,535.71,709.9,15.45,False,110.0,116.5
3417,260.65,271.0,4.86,False,108.9,111.0
3418,68.58,65.2,1.66,True,111.1,111.7
3419,193.18,185.3,6.58,False,101.5,102.0
3420,175.13,203.9,8.72,False,110.1,112.8
3421,296.51,377.6,11.81,False,117.6,120.0
3422,277.05,289.9,5.85,True,115.7,117.5
3423,238.03,282.0,8.79,False,110.1,111.4
3424,387.65,469.8,12.2,False,125.4,130.2
3425,511.2,559.2,15.1,False,106.5,114.2
3426,356.75,345.8,5.24,True,109.5,114.9
3427,171.35,193.3,14.7,False,101.3,103.4
3428,167.54,196.6,17.0,False,107.6,108.7
3429,53.15,31.2,8.26,False,120.7,120.9
3430,432.28,437.8,10.61,False,107.8,114.2
3431,228.76,196.3,1.66,True,100.8,102.4
3432,193.03,231.1,13.22,False,115.2,117.7
3433,176.84,183.1,15.89,False,112.3,113.4
3434,150.08,127.0,1.83,False,115.0,114.5
3435,764.92,680.0,15.42,False,108.2,113.0
3436,192.03,231.9,3.96,True,104.0,107.6
3437,402.33,505.8,15.39,False,108.9,111.4
3438,203.8,197.7,10.44,False,113.3,113.9
3439,156.01,165.6,7.61,False,109.6,109.7
3440,274.15,330.2,17.03,False,112.3,113.8
3441,390.0,409.2,11.6,False,106.8,114.4
3442,460.0,423.4,2.14,False,112.6,115.2
3443,165.8,216.0,14.14,True,110.0,112.6
3444,380.71,348.8,4.51,True,105.8,111.7
3445,154.68,175.9,16.73,False,110.8,110.9
3446,249.21,249.6,4.25,True,107.7,108.1
3447,234.21,204.6,9.55,True,113.7,114.8
3448,196.71,187.6,10.12,False,115.2,115.7
3449,237.71,255.3,10.8,False,113.0,113.9
3450,137.4,125.0,10.3,True,100.2,101.0
3451,345.43,391.3,8.74,False,104.2,106.5
3452,199.33,188.1,13.26,True,106.2,107.7
3453,344.8,381.5,4.07,True,105.2,111.9
3454,148.79,140.4,14.49,False,106.7,106.5
3455,154.55,187.7,2.12,False,115.6,117.0
3456,104.91,124.8,15.39,False,114.2,113.9
3457,105.4,122.1,13.87,False,107.5,107.4
3458,157.96,151.2,14.62,True,113.6,114.6
3459,134.49,141.7,6.4,True,112.0,113.1
3460,119.99,125.4,15.52,False,109.8,110.7
3461,191.08,240.3,12.9,False,116.9,118.1
3462,358.14,326.7,17.48,False,106.0,107.8
3463,270.91,335.9,1.83,True,110.3,114.7
3464,79.66,83.4,14.54,False,103.7,103.3
3465,199.77,203.9,11.78,True,104.0,106.4
3466,225.67,192.7,17.82,True,101.8,103.1
3467,423.53,474.3,8.81,True,104.1,109.0
3468,200.16,208.2,6.11,True,110.5,113.1
3469,251.11,229.4,16.02,False,108.2,109.0
3470,118.33,101.2,6.87,False,108.4,108.6
3471,157.1,148.9,13.1,False,108.2,108.6
3472,96.14,97.6,6.98,False,120.6,120.6
3473,246.56,248.8,17.1,False,103.2,105.5
3474,359.49,482.4,10.18,False,102.5,108.6
3475,141.6,151.9,6.78,True,104.9,106.7
3476,229.99,209.2,15.07,True,109.6,110.2
3477,173.21,142.2,2.53,True,113.1,114.8
3478,178.79,168.1,3.05,True,113.7,113.8
3479,173.69,251.6,15.31,True,115.7,116.6
3480,449.21,604.3,6.84,False,109.4,113.6
3481,381.99,469.7,4.41,True,107.6,113.1
3482,479.41,543.8,11.19,False,119.8,126.7
3483,291.43,383.3,5.7,False,93.3,100.0
3484,194.96,207.6,17.79,False,110.4,112.6
3485,228.18,192.2,15.04,True,112.6,114.9
3486,154.47,152.4,16.17,False,121.2,122.9
3487,75.75,49.9,15.25,False,100.0,99.7
3488,178.11,205.8,16.12,False,107.5,110.5
3489,338.84,486.1,7.08,False,101.9,106.6
3490,365.39,483.1,12.61,False,99.2,102.6
3491,499.88,724.8,16.47,False,108.8,122.3
3492,250.17,261.8,12.82,False,115.0,116.1
3493,135.11,114.2,17.95,False,117.2,119.0
3494,271.0,315.2,15.78,False,106.8,111.1
3495,551.87,607.9,2.67,False,114.0,124.5
3496,556.06,520.3,9.78,False,108.8,115.9
3497,215.45,180.1,6.05,False,113.3,115.0
3498,127.4,120.4,15.94,False,116.9,117.1
3499,129.48,118.5,16.96,False,108.8,108.7
3500,171.43,157.9,10.85,False,116.5,117.8
3501,202.97,171.5,2.46,False,102.7,103.9
3502,151.66,199.1,7.22,False,113.9,115.4
3503,366.8,337.8,4.61,True,116.2,122.1
3504,173.59,195.3,10.23,False,115.6,116.8
3505,224.99,243.4,17.75,False,102.9,106.9
3506,100.3,93.7,7.16,False,108.8,108.7
3507,157.18,152.5,13.61,True,111.8,111.2
3508,126.27,148.6,15.21,False,112.7,114.6
3509,93.47,84.8,15.2,False,110.7,111.3
3510,208.39,192.6,3.97,True,118.6,121.7
3511,110.88,94.1,5.42,True,102.2,102.1
3512,191.7,185.1,5.18,True,108.6,109.0
3513,238.81,253.8,6.41,False,99.9,103.9
3514,489.74,490.5,2.27,False,113.7,119.0
3515,167.62,144.3,10.4,False,113.3,113.9
3516,281.18,249.9,13.73,True,130.1,131.9
3517,171.67,164.1,5.8,False,116.2,118.2
3518,118.29,91.2,12.06,True,112.0,112.5
3519,494.09,493.5,10.5,False,111.5,116.9
3520,334.14,260.1,3.14,False,108.1,109.8
3521,329.18,306.6,5.46,True,110.8,115.4
3522,477.79,536.7,5.48,False,111.7,121.0
3523,173.67,184.6,9.56,False,98.2,100.5
3524,120.55,110.9,11.86,False,111.2,112.6
3525,143.32,143.1,6.47,True,110.6,110.9
3526,116.91,105.1,3.6,True,120.5,121.1
3527,348.87,421.6,5.94,False,109.2,114.9
3528,636.15,620.5,2.16,True,105.4,113.7
3529,201.82,252.3,13.85,False,111.6,114.1
3530,253.6,342.9,13.04,False,110.4,115.3
3531,350.95,392.0,12.57,False,109.2,113.3
3532,449.7,556.0,11.69,False,102.3,111.3
3533,456.71,606.7,6.41,True,109.1,114.1
3534,82.76,73.7,3.41,True,106.5,107.5
3535,154.37,166.8,11.38,False,108.7,109.9
3536,223.71,236.9,13.59,False,114.4,115.5
3537,144.16,155.4,14.88,False,106.0,108.0
3538,178.16,201.9,13.49,False,108.7,109.2
3539,273.95,295.9,12.37,False,113.2,115.2
3540,79.96,57.1,15.1,False,108.4,108.7
3541,316.02,291.6,14.07,False,125.7,128.4
3542,362.05,385.1,17.09,False,111.5,117.4
3543,240.43,239.8,1.6,True,102.5,103.0
3544,68.51,52.6,3.92,False,105.0,105.1
3545,186.35,192.6,11.07,False,104.4,105.4
3546,275.21,280.4,8.12,False,105.0,107.8
3547,421.57,399.9,7.12,False,113.2,117.3
3548,252.22,369.4,13.81,False,103.4,106.9
3549,214.79,222.1,10.34,False,108.0,109.8
3550,155.87,160.6,10.19,False,116.9,116.6
3551,213.91,227.9,2.32,True,106.9,109.8
3552,88.28,80.2,9.11,False,114.0,113.5
3553,139.21,169.6,11.53,False,99.9,100.7
3554,437.4,439.7,6.12,True,107.8,110.8
3555,207.87,227.5,5.44,False,104.7,107.4
3556,210.34,286.9,10.59,False,111.8,113.9
3557,127.33,102.5,16.55,False,103.8,104.6
3558,388.15,398.5,3.42,True,122.4,125.3
3559,206.32,215.9,6.6,True,100.2,103.6
3560,239.78,281.6,2.46,True,116.8,119.9
3561,298.32,315.4,6.87,False,115.3,118.1
3562,405.57,390.6,12.96,False,111.9,115.1
3563,194.53,258.6,6.76,True,110.3,114.4
3564,169.63,218.7,8.08,False,121.1,121.7
3565,112.72,116.0,16.94,False,124.8,126.6
3566,112.13,97.1,7.23,False,108.8,107.9
3567,228.48,255.8,10.4,False,110.9,113.5
3568,296.64,282.6,16.9,False,106.7,110.1
3569,332.74,308.2,9.89,True,103.0,106.0
3570,159.75,144.8,4.31,False,112.8,113.7
3571,175.4,170.5,3.86,True,111.5,113.0
3572,244.55,253.3,16.33,False,100.3,102.9
3573,176.88,182.7,16.11,True,112.7,113.1
3574,557.77,757.3,5.64,True,111.7,118.5
3575,142.53,168.4,11.78,False,106.4,108.0
3576,222.0,293.2,4.25,True,106.0,107.2
3577,321.81,363.4,5.32,False,112.5,116.7
3578,368.41,375.5,16.69,False,119.7,121.9
3579,146.59,180.9,8.13,False,112.4,114.6
3580,299.17,316.2,4.94,False,114.7,118.1
3581,239.29,295.3,10.15,False,105.0,108.5
3582,263.34,323.6,15.54,False,107.5,112.8
3583,210.96,251.4,15.24,True,113.6,117.5
3584,281.14,364.8,12.42,False,101.8,103.0
3585,268.56,267.9,14.92,False,111.2,112.6
3586,115.8,108.1,14.36,False,113.0,113.0
3587,270.88,263.6,17.4,False,109.8,112.4
3588,256.2,280.6,12.32,False,111.9,114.5
3589,308.94,351.2,11.37,False,110.3,113.5
3590,296.59,255.9,16.44,False,106.3,107.1
3591,399.02,563.2,7.47,False,102.9,105.5
3592,246.86,222.9,9.63,True,109.5,110.2
3593,206.28,175.7,15.68,True,117.8,118.6
3594,472.64,470.5,17.65,False,116.1,120.9
3595,190.69,219.6,8.45,False,107.9,108.5
3596,276.93,243.1,11.23,False,107.8,107.9
3597,249.11,280.6,15.32,False,107.4,111.2
3598,226.53,268.0,10.06,False,107.4,110.3
3599,293.65,322.2,8.17,True,111.7,116.5
3600,288.24,340.2,2.57,True,116.3,122.6
3601,152.69,166.9,5.0,True,123.6,124.7
3602,146.05,121.7,6.97,False,105.0,105.9
3603,125.42,130.1,8.13,False,113.9,113.6
3604,398.72,443.0,14.31,False,113.3,119.8
3605,165.4,209.7,4.25,False,108.0,109.5
3606,341.42,361.7,2.69,False,103.8,109.0
3607,275.19,345.2,11.2,False,111.7,112.8
3608,194.7,243.1,1.63,True,122.7,125.9
3609,139.95,143.6,16.86,True,111.6,113.2
3610,363.68,349.7,5.72,False,105.3,110.2
3611,245.33,238.6,15.26,False,109.1,112.8
3612,137.76,117.3,7.76,False,103.2,104.1
3613,180.89,183.5,17.98,False,110.1,111.7
3614,91.9,92.6,9.77,False,114.1,113.8
3615,206.8,188.4,17.39,False,105.8,107.1
3616,227.12,250.0,9.24,True,90.5,92.8
3617,239.55,224.9,13.29,False,111.7,113.6
3618,244.84,210.3,2.55,True,107.0,109.2
3619,204.6,248.6,8.84,False,105.5,110.1
3620,267.47,311.8,5.97,True,105.4,107.3
3621,315.82,377.2,14.59,False,112.4,114.9
3622,302.84,404.4,10.29,False,107.6,113.2
3623,152.27,156.5,12.06,False,115.6,117.6
3624,462.34,425.7,5.69,False,115.7,122.5
3625,200.52,238.8,3.43,True,108.4,111.4
3626,222.46,197.7,12.73,True,106.9,108.0
3627,128.2,132.4,8.8,False,110.8,112.6
3628,79.26,50.3,8.38,False,109.1,109.4
3629,253.13,300.3,17.41,False,99.5,102.0
3630,276.64,294.1,3.45,True,121.5,122.1
3631,160.5,174.3,12.12,False,114.3,116.7
3632,153.51,177.2,2.49,False,107.2,107.2
3633,247.92,220.4,12.8,True,98.5,102.1
3634,202.89,195.8,10.73,False,108.9,109.0
3635,169.55,152.5,13.49,True,106.5,107.4
3636,113.15,124.2,13.89,False,109.6,111.8
3637,429.92,428.2,3.68,True,97.0,99.5
3638,163.68,183.0,6.03,True,107.2,107.7
3639,233.9,293.2,5.66,False,107.5,109.1
3640,306.35,324.3,11.53,True,108.8,114.0
3641,289.38,301.1,5.76,True,108.6,113.4
3642,306.95,333.7,10.01,True,110.3,113.8
3643,306.37,299.3,8.8,True,119.1,122.7
3644,184.38,165.2,11.16,False,106.9,109.4
3645,237.02,201.9,7.3,True,104.5,104.6
3646,330.06,422.1,16.76,False,99.6,103.0
3647,213.99,180.1,17.42,False,106.9,109.6
3648,277.83,239.0,7.29,False,101.6,102.3
3649,270.21,312.6,16.59,True,115.8,119.4
3650,355.35,504.4,14.59,False,109.4,113.6
3651,307.6,402.2,5.23,True,115.6,119.8
3652,136.43,140.4,10.79,True,118.8,118.9
3653,331.99,288.2,7.73,True,104.8,105.8
3654,265.99,270.6,14.72,False,107.9,108.5
3655,184.88,202.9,16.25,False,118.0,121.9
3656,212.27,242.8,11.77,False,111.1,111.8
3657,132.74,164.3,11.9,False,113.1,113.7
3658,233.45,218.2,13.4,False,116.2,118.5
3659,180.28,181.0,9.67,True,115.4,116.9
3660,305.99,252.7,9.27,False,112.5,115.8
3661,205.57,198.8,10.79,False,118.4,119.2
3662,523.06,524.8,15.0,False,109.6,116.6
3663,233.15,257.3,12.18,False,113.1,115.4
3664,199.64,231.3,3.88,False,108.9,112.8
3665,187.38,211.9,3.82,False,116.1,119.1
3666,158.9,199.1,8.36,False,105.8,106.3
3667,131.68,117.3,12.38,False,99.9,101.5
3668,316.73,361.2,7.95,False,113.9,119.5
3669,476.53,470.8,7.8,True,103.9,111.8
3670,178.41,179.5,16.27,False,103.3,106.3
3671,362.3,420.9,15.83,False,117.6,123.0
3672,554.45,753.2,9.35,False,115.8,123.2
3673,565.33,608.8,13.35,False,107.9,112.7
3674,402.43,459.8,8.96,False,91.7,98.8
3675,157.94,125.7,11.45,False,113.2,114.2
3676,123.34,124.8,6.03,False,114.0,113.8
3677,326.82,332.9,9.71,False,113.1,116.4
3678,268.79,240.2,12.1,False,112.8,114.3
3679,89.75,71.1,8.79,False,108.9,108.3
3680,203.27,190.9,14.03,False,107.5,109.1
3681,330.3,325.1,5.91,False,103.4,106.4
3682,263.41,219.9,1.71,False,105.8,108.4
3683,230.59,240.9,16.59,False,111.9,113.0
3684,136.37,124.7,7.46,False,112.0,113.7
3685,181.96,189.6,5.66,False,114.7,116.4
3686,279.77,333.6,9.35,False,101.6,107.1
3687,149.81,184.5,5.61,False,100.0,99.9
3688,465.56,438.9,13.6,False,107.7,110.6
3689,196.05,243.8,6.56,False,103.9,106.6
3690,306.6,299.7,17.86,False,111.1,115.4
3691,323.55,329.7,6.06,False,102.1,105.1
3692,342.14,322.7,7.47,False,117.1,120.9
3693,135.08,138.1,10.38,True,105.1,106.9
3694,135.62,151.9,1.55,True,119.6,120.7
3695,95.41,70.3,1.57,True,113.1,112.9
3696,188.29,201.5,5.36,False,103.7,107.3
3697,131.12,145.6,2.85,False,122.6,123.6
3698,218.43,181.5,14.04,False,111.6,112.8
3699,186.2,212.9,15.88,False,111.0,114.2
3700,211.72,261.0,8.32,False,109.6,111.5
3701,208.61,221.7,10.02,False,112.8,115.8
3702,248.59,219.5,11.61,False,113.2,115.0
3703,191.97,287.2,3.07,False,104.8,108.1
3704,255.28,235.3,9.25,True,108.7,112.9
3705,304.67,375.2,17.33,False,110.7,117.0
3706,228.7,235.7,4.93,True,113.5,114.3
3707,406.46,506.0,2.89,True,113.6,120.6
3708,173.89,135.1,6.13,False,111.0,112.0
3709,197.11,199.6,10.54,False,106.7,108.1
3710,151.27,165.9,15.83,False,106.4,107.8
3711,244.42,266.4,7.35,False,102.9,103.8
3712,144.51,135.0,7.19,True,113.6,115.0
3713,114.03,103.1,7.16,False,106.3,106.5
3714,154.24,149.4,15.38,False,108.8,110.2
3715,112.91,107.2,9.24,False,111.4,111.8
3716,174.73,214.4,6.97,False,110.0,110.5
3717,236.55,260.6,4.42,True,110.0,111.1
3718,109.64,94.7,3.57,True,104.6,105.3
3719,169.61,193.0,17.57,False,111.6,111.9
3720,401.96,401.7,9.53,False,108.1,114.7
3721,419.2,463.0,2.69,True,109.5,112.6
3722,315.14,347.6,16.45,False,116.9,118.5
3723,85.22,56.2,17.24,False,113.0,113.5
3724,182.64,248.2,5.41,False,106.6,110.7
3725,357.56,426.3,6.72,False,109.1,111.0
3726,207.91,182.6,17.35,False,119.6,120.1
3727,152.98,118.4,1.76,False,108.2,109.9
3728,474.58,409.6,6.85,True,110.2,114.4
3729,397.92,441.3,8.6,False,114.0,119.5
3730,232.45,234.3,14.21,False,111.3,112.3
3731,136.23,119.0,7.57,False,107.8,109.8
3732,113.94,88.1,7.08,False,105.5,106.1
3733,274.92,280.7,13.54,False,109.9,114.1
3734,186.65,166.7,15.51,False,113.9,116.9
3735,226.69,226.6,3.04,True,117.9,120.8
3736,223.58,213.8,3.85,False,101.2,101.6
3737,141.32,145.0,12.39,False,120.6,121.4
3738,92.53,85.5,6.69,True,108.3,108.4
3739,167.48,185.2,12.53,False,115.5,116.7
3740,200.81,253.4,4.37,True,105.6,107.2
3741,194.7,259.7,14.77,False,100.3,102.2
3742,150.96,160.9,6.8,False,102.1,104.4
3743,373.63,436.6,7.03,False,108.0,114.9
3744,126.15,125.7,4.45,False,113.1,113.7
3745,75.2,49.2,4.99,True,110.2,110.3
3746,367.44,385.1,11.37,False,108.5,112.6
3747,237.05,249.1,11.1,False,116.7,120.3
3748,163.88,186.1,15.1,False,110.0,111.0
3749,306.72,300.1,11.9,False,111.7,114.0
3750,196.23,207.0,8.56,False,128.7,131.3
3751,99.17,102.3,14.76,False,110.0,110.6
3752,117.24,120.7,1.77,True,105.8,106.6
3753,178.61,199.9,13.08,False,112.9,116.3
3754,163.73,173.0,10.46,True,114.4,116.5
3755,332.54,380.5,5.14,False,111.8,114.6
3756,162.24,168.8,12.02,False,110.9,111.6
3757,169.77,163.2,17.78,True,118.9,119.5
3758,160.84,151.8,7.22,False,118.1,120.1
3759,173.65,144.9,12.04,True,109.3,110.7
3760,169.27,147.4,8.75,True,106.1,105.9
3761,146.91,110.8,7.98,True,112.6,113.5
3762,252.51,254.7,6.57,False,106.1,110.4
3763,223.7,216.4,5.28,False,115.3,116.6
3764,195.74,211.6,5.39,True,112.5,114.6
3765,118.56,91.1,14.28,False,126.0,125.3
3766,247.6,286.6,6.84,False,118.8,121.3
3767,233.42,301.7,10.24,True,103.5,107.3
3768,532.23,493.1,5.02,False,106.9,109.7
3769,228.75,293.2,5.01,False,98.5,102.4
3770,524.5,545.9,11.19,False,97.2,104.7
3771,136.42,158.9,11.12,False,110.7,112.0
3772,522.68,507.2,9.84,True,102.8,111.7
3773,329.31,298.2,12.94,False,119.8,124.1
3774,278.54,278.7,12.01,False,116.9,119.0
3775,232.28,208.8,4.8,False,108.4,108.8
3776,181.68,185.7,2.42,True,108.0,108.7
3777,210.63,165.5,5.95,True,118.9,120.2
3778,515.51,516.3,8.62,False,120.3,124.8
3779,181.87,205.2,4.94,True,104.4,105.9
3780,283.42,301.0,9.46,True,103.6,108.8
3781,309.83,335.9,2.11,False,108.2,109.8
3782,300.08,333.4,9.37,False,112.6,117.9
3783,195.53,255.3,7.3,False,106.9,109.3
3784,470.04,502.2,17.33,False,112.7,120.2
3785,231.01,288.6,15.97,False,121.7,125.4
3786,115.36,163.2,17.19,False,101.6,103.1
3787,165.24,190.4,12.37,False,107.3,109.6
3788,104.6,93.9,17.54,False,101.7,101.3
3789,226.61,270.0,4.63,False,105.0,106.9
3790,173.14,314.3,10.28,False,108.2,111.8
3791,267.73,328.6,13.76,False,105.6,106.4
3792,274.45,298.2,9.46,False,113.1,115.3
3793,182.38,209.1,5.03,False,110.9,112.0
3794,228.66,230.4,12.29,False,111.8,113.3
3795,256.99,230.8,17.52,False,108.2,109.9
3796,371.18,381.2,10.13,True,108.7,111.0
3797,95.12,74.7,5.59,False,107.9,107.2
3798,205.14,178.9,2.17,True,108.5,110.1
3799,120.82,129.8,3.22,True,112.5,114.0
3800,577.34,609.7,14.32,False,98.5,109.4
3801,435.98,420.8,9.51,False,111.7,118.7
3802,170.51,183.0,4.94,False,104.8,107.1
3803,98.81,104.5,15.69,False,108.0,109.0
3804,144.39,120.8,8.7,False,100.6,100.7
3805,284.07,378.5,14.63,False,107.8,110.4
3806,99.54,92.4,14.89,False,111.7,112.8
3807,209.12,232.4,13.35,True,112.7,117.1
3808,335.96,346.5,17.55,False,102.9,105.8
3809,113.51,114.4,16.3,False,112.5,113.4
3810,243.92,231.1,3.57,False,116.8,117.0
3811,164.75,184.7,7.17,False,107.0,107.6
3812,150.41,171.8,17.25,True,110.0,112.2
3813,165.67,156.4,12.32,False,97.6,98.7
3814,285.23,361.6,8.82,True,104.6,108.6
3815,388.61,467.7,15.72,False,111.6,118.5
3816,145.28,200.4,12.04,False,115.7,118.1
3817,268.53,279.3,7.61,False,106.4,111.1
3818,271.33,233.9,5.98,True,126.0,127.3
3819,78.05,80.1,15.54,False,111.9,112.3
3820,211.06,196.1,15.47,False,102.4,104.4
3821,86.36,71.7,16.65,False,117.7,118.2
3822,141.93,176.4,14.44,True,102.5,104.7
3823,192.08,227.7,4.55,True,112.0,113.4
3824,276.5,332.1,7.91,False,104.4,105.8
3825,234.77,266.2,6.91,True,101.9,103.7
3826,347.7,366.5,5.75,False,115.8,119.3
3827,170.37,142.8,14.61,True,108.4,109.3
3828,313.07,436.9,3.56,True,120.4,124.5
3829,397.26,468.0,9.41,False,103.9,107.9
3830,71.86,69.7,15.78,False,100.6,100.9
3831,80.34,89.4,14.52,False,107.1,107.4
3832,220.55,224.8,5.91,True,127.3,127.9
3833,173.05,169.3,2.09,True,115.0,117.6
3834,146.48,183.8,8.33,False,113.3,116.0
3835,255.12,264.9,11.29,False,113.5,114.3
3836,284.28,374.1,15.6,False,107.1,108.3
3837,144.47,138.7,10.22,False,126.4,126.0
3838,435.24,406.8,5.89,True,112.7,114.3
3839,162.9,154.9,12.9,False,112.2,114.1
3840,595.22,653.5,8.13,False,115.9,127.3
3841,363.64,438.5,15.12,False,102.4,104.7
3842,162.23,163.6,1.89,True,104.7,105.4
3843,123.94,105.8,8.41,False,108.5,109.9
3844,178.81,161.5,8.47,False,115.9,116.7
3845,156.14,149.6,11.19,False,102.2,103.6
3846,300.5,310.7,7.42,False,109.6,113.1
3847,74.32,70.7,8.14,False,108.7,108.8
3848,93.19,90.0,13.63,False,100.6,100.2
3849,303.94,306.1,4.33,False,106.9,111.8
3850,159.77,146.1,5.43,True,113.3,115.0
3851,173.94,177.6,3.19,True,101.1,102.5
3852,383.07,345.7,5.75,False,118.5,125.1
3853,378.53,382.9,9.84,False,112.8,116.0
3854,380.1,427.5,4.62,False,112.1,114.3
3855,263.53,330.6,2.71,False,110.0,115.4
3856,235.41,205.4,17.94,False,103.4,105.4
3857,205.09,196.3,9.01,True,106.1,108.0
3858,220.96,184.1,15.22,False,112.2,112.6
3859,148.7,114.7,13.69,False,106.1,105.9
3860,122.61,135.6,4.23,True,111.1,113.0
3861,300.44,398.4,9.95,False,104.6,106.5
3862,102.65,154.3,10.87,True,112.7,114.7
3863,138.99,115.1,4.1,False,113.2,113.7
3864,407.48,415.8,3.35,False,100.2,104.1
3865,250.77,256.4,5.84,False,110.4,114.1
3866,61.28,61.2,5.81,False,100.9,101.2
3867,464.91,522.3,6.08,True,98.8,106.7
3868,454.61,493.1,5.67,False,106.4,111.8
3869,143.07,120.7,10.52,True,126.8,127.6
3870,209.69,217.0,6.36,True,114.7,116.4
3871,138.29,130.1,14.23,False,118.4,118.0
3872,136.81,129.4,2.36,True,113.7,114.9
3873,202.76,181.2,11.75,False,111.2,113.8
3874,316.64,315.5,14.25,False,115.4,116.5
3875,245.65,316.5,8.71,False,106.2,110.0
3876,330.61,296.1,6.77,False,112.8,117.7
3877,230.9,205.0,6.5,False,117.1,119.6
3878,320.97,325.4,6.91,False,114.2,114.8
3879,119.98,114.1,3.44,True,117.5,117.3
3880,298.79,258.6,11.09,False,111.1,114.0
3881,171.51,231.6,11.79,True,120.2,123.6
3882,220.0,198.5,7.93,False,108.8,110.6
3883,227.41,263.9,17.27,False,122.7,124.3
3884,90.17,67.2,16.54,False,113.4,113.8
3885,144.0,131.5,6.41,True,107.7,109.0
3886,237.93,302.2,13.58,False,102.9,108.5
3887,203.32,228.4,3.42,False,105.2,108.1
3888,117.75,94.8,14.0,False,104.2,104.4
3889,211.59,225.6,13.64,True,109.5,112.7
3890,157.31,170.2,7.38,False,102.4,104.1
3891,338.6,403.7,7.88,True,117.8,122.5
3892,129.94,118.8,11.17,False,110.7,110.5
3893,154.01,121.2,6.12,False,110.4,111.5
3894,183.42,281.9,10.95,True,103.0,104.6
3895,276.36,209.5,16.15,False,105.4,108.7
3896,197.96,204.1,8.84,False,96.7,96.5
3897,633.8,655.6,4.87,False,119.7,125.5
3898,268.98,321.2,10.71,False,101.5,106.8
3899,195.05,190.3,12.27,False,101.9,104.2
3900,93.81,88.2,10.18,True,118.5,119.4
3901,152.6,184.5,1.89,False,112.3,115.2
3902,110.94,112.1,12.54,False,110.7,110.7
3903,163.22,136.2,2.11,True,112.0,112.7
3904,115.64,138.7,8.39,False,115.7,117.8
3905,378.71,386.8,8.34,False,110.6,116.5
3906,101.01,99.3,15.47,False,100.7,100.3
3907,292.27,366.5,15.73,False,114.4,117.5
3908,337.31,288.8,14.29,False,112.5,114.6
3909,233.02,286.5,15.03,False,117.0,119.8
3910,110.41,133.1,5.11,True,102.5,102.3
3911,307.08,341.0,13.32,False,105.6,106.0
3912,118.84,124.6,13.86,False,112.4,112.4
3913,431.87,471.9,14.34,False,104.3,109.9
3914,358.82,391.7,14.61,False,95.9,100.1
3915,474.23,515.2,4.19,False,111.2,115.9
3916,225.02,232.3,5.74,True,115.4,117.5
3917,186.81,209.4,14.43,False,109.2,110.1
3918,196.22,181.7,3.93,False,113.3,115.1
3919,569.38,648.0,3.55,False,112.4,117.2
3920,275.51,314.0,17.62,False,110.1,115.1
3921,150.02,112.8,17.47,False,110.8,110.6
3922,395.73,443.2,7.06,False,118.1,125.1
3923,221.15,205.1,1.64,True,104.2,105.8
3924,76.86,48.8,8.07,False,114.6,114.2
3925,172.14,149.3,1.93,True,102.9,104.5
3926,389.7,391.5,3.87,False,105.2,107.9
3927,272.73,289.3,5.2,False,117.2,119.7
3928,290.6,320.2,15.35,False,102.7,103.7
3929,384.3,440.9,7.69,True,108.6,112.8
3930,74.46,79.8,1.64,True,124.2,124.5
3931,162.98,150.3,12.01,True,116.2,117.2
3932,236.6,235.1,2.67,True,105.6,108.0
3933,397.51,397.7,16.25,False,106.6,110.0
3934,123.88,124.2,5.55,True,109.0,109.6
3935,210.82,189.6,5.42,False,117.9,120.1
3936,172.84,227.1,8.05,False,104.0,104.2
3937,128.62,146.2,3.27,False,103.6,104.6
3938,159.04,225.7,1.88,True,114.3,114.7
3939,199.05,208.9,16.59,False,99.9,100.6
3940,158.88,167.9,15.75,True,104.5,107.7
3941,280.85,340.6,16.62,False,109.5,111.2
3942,299.58,308.5,12.66,False,109.8,111.7
3943,302.94,348.7,1.71,True,101.8,103.4
3944,261.95,365.1,17.56,True,112.1,114.4
3945,601.21,500.1,13.19,True,113.3,117.4
3946,104.63,92.8,8.35,True,106.0,105.9
3947,97.3,98.8,13.59,False,120.0,119.4
3948,287.69,325.3,10.86,True,112.0,113.7
3949,172.85,176.6,12.58,False,104.0,105.7
3950,164.43,164.4,15.1,True,119.7,120.5
3951,182.77,151.0,16.95,False,106.9,108.4
3952,326.15,355.1,14.64,False,111.1,113.4
3953,695.93,625.9,16.28,False,107.1,111.6
3954,315.11,364.0,10.86,False,113.7,119.7
3955,178.43,172.2,7.08,False,107.1,106.9
3956,363.36,345.6,12.55,True,107.5,111.5
3957,120.51,97.0,10.68,False,109.0,108.7
3958,72.35,43.9,2.43,False,107.0,106.9
3959,184.16,200.9,11.0,False,116.4,118.3
3960,93.6,79.9,8.39,True,102.5,102.5
3961,130.44,176.8,7.6,False,109.8,110.9
3962,229.75,249.1,13.45,False,110.5,113.1
3963,709.5,688.4,16.1,False,109.3,116.0
3964,422.94,414.7,4.75,True,115.8,120.3
3965,92.56,80.8,14.62,False,101.0,101.5
3966,115.48,85.3,4.3,False,113.4,114.6
3967,141.46,146.8,11.01,False,102.5,103.2
3968,435.33,550.0,15.5,False,106.9,110.7
3969,95.21,82.9,16.45,False,101.9,101.7
3970,144.4,151.6,6.59,False,108.0,108.5
3971,167.21,151.2,15.01,False,106.5,108.7
3972,276.81,281.6,16.0,False,119.8,123.2
3973,347.48,350.3,4.35,True,111.4,113.1
3974,278.95,310.1,7.85,False,112.6,116.9
3975,244.5,260.6,14.31,False,103.4,104.6
3976,82.08,94.7,1.74,False,114.4,114.5
3977,231.02,238.9,11.83,False,119.8,123.5
3978,408.12,447.6,8.34,False,115.2,121.3
3979,406.05,528.2,10.04,True,102.1,107.1
3980,262.01,277.6,8.4,False,107.2,111.8
3981,96.26,81.3,4.72,False,110.7,110.8
3982,314.49,280.1,7.25,False,106.5,109.7
3983,168.29,208.5,15.71,False,125.2,127.9
3984,106.84,88.7,11.58,False,107.1,107.6
3985,107.63,120.1,9.37,False,109.7,110.9
3986,133.7,133.1,13.15,False,106.4,106.7
3987,304.69,325.9,4.53,False,111.4,116.7
3988,450.27,516.3,2.88,True,118.3,122.6
3989,279.1,299.4,10.55,False,110.7,116.0
3990,322.41,331.5,1.69,True,108.7,111.5
3991,191.12,216.6,3.95,False,103.6,104.3
3992,171.01,163.0,13.33,False,117.3,118.4
3993,272.95,303.8,16.38,False,109.1,112.2
3994,247.68,262.5,6.21,False,108.9,110.7
3995,155.29,140.2,7.81,False,96.0,96.9
3996,245.15,253.0,12.74,False,109.2,112.5
3997,237.06,224.5,14.78,False,107.6,107.9
3998,195.09,188.8,5.79,False,99.0,101.6
3999,176.44,159.8,15.13,False,115.9,116.6
4000,249.68,277.4,17.55,False,106.8,110.6
4001,135.94,165.7,2.95,True,121.4,122.7
4002,449.72,626.3,5.2,False,118.5,129.4
4003,216.4,294.0,13.48,False,105.7,107.5
4004,324.82,280.0,2.11,False,118.2,121.7
4005,136.57,204.0,6.19,False,119.7,119.8
4006,201.93,179.7,15.43,False,106.6,107.8
4007,82.47,70.7,12.75,False,103.8,103.7
4008,168.87,145.5,12.07,True,97.1,97.8
4009,70.44,80.2,11.6,False,112.3,112.6
4010,99.95,79.6,9.78,True,104.2,104.5
4011,132.24,109.9,14.15,False,112.5,112.6
4012,426.45,422.5,15.78,False,106.6,112.3
4013,371.24,421.4,14.63,False,105.3,107.7
4014,114.86,147.5,9.46,False,106.6,107.6
4015,89.4,93.4,14.35,False,102.2,103.7
4016,202.94,175.2,13.96,False,106.6,107.3
4017,287.85,324.1,9.02,True,105.6,106.8
4018,338.89,376.6,7.01,False,109.9,114.6
4019,244.75,251.0,8.27,False,110.6,111.8
4020,214.33,275.5,9.64,False,103.6,106.2
4021,258.08,261.1,3.92,False,116.6,116.6
4022,90.22,83.5,5.1,True,109.0,109.6
4023,101.26,98.8,3.18,True,119.0,119.9
4024,437.51,527.8,2.69,False,111.4,114.7
4025,187.93,250.4,10.84,False,110.4,113.3
4026,64.55,61.2,13.02,True,107.1,107.2
4027,287.04,284.6,11.62,True,113.7,115.4
4028,139.29,129.5,13.49,False,110.2,111.2
4029,366.88,393.0,8.21,False,115.2,121.2
4030,377.26,370.6,14.69,False,119.6,124.8
4031,287.9,314.4,13.84,True,105.6,107.9
4032,245.07,248.8,13.23,False,113.7,114.0
4033,374.17,444.6,14.14,False,113.5,118.6
4034,477.35,469.1,5.32,True,112.7,118.1
4035,149.93,131.4,10.9,True,107.4,109.1
4036,270.96,312.6,14.29,False,107.5,111.8
4037,134.82,160.8,3.13,False,106.5,108.1
4038,141.46,120.6,5.58,True,106.4,106.0
4039,385.13,468.9,9.6,False,105.0,113.7
4040,316.66,339.9,8.33,False,109.4,114.9
4041,310.47,260.2,16.59,False,105.5,106.3
4042,154.55,138.8,13.89,False,112.6,113.9
4043,516.13,476.4,2.17,True,110.3,117.2
4044,126.41,128.4,9.18,False,111.0,111.2
4045,130.11,112.1,14.08,False,108.4,108.8
4046,219.28,224.9,12.54,True,110.4,111.7
4047,314.94,324.1,10.37,False,108.5,111.7
4048,220.87,185.0,2.91,True,114.7,117.2
4049,1092.07,1309.8,16.6,False,107.3,129.4
4050,238.28,246.6,8.35,True,112.3,116.7
4051,149.69,160.4,3.89,False,102.2,103.8
4052,183.88,170.8,2.89,False,114.3,116.6
4053,457.92,560.1,14.45,False,106.6,109.3
4054,242.14,213.2,11.61,True,104.5,106.8
4055,324.94,460.1,5.65,False,103.2,111.1
4056,96.8,77.9,10.3,False,102.7,103.2
4057,328.32,397.3,17.12,False,107.1,112.7
4058,159.88,142.7,9.64,False,119.0,118.9
4059,325.76,344.4,7.95,True,106.1,107.8
4060,137.85,142.0,6.58,True,96.7,98.0
4061,173.21,177.8,4.51,True,112.2,113.2
4062,113.85,118.6,16.52,False,103.3,103.9
4063,350.66,348.0,4.33,True,114.9,120.2
4064,295.32,378.0,2.4,False,107.5,108.4
4065,138.34,145.4,3.86,False,108.4,108.9
4066,106.14,89.8,4.51,False,117.2,116.9
4067,507.53,456.5,8.51,True,113.7,115.9
4068,157.81,155.5,16.51,False,102.5,102.6
4069,193.47,207.1,3.72,True,103.4,104.5
4070,136.44,130.7,3.91,True,99.3,100.6
4071,225.11,329.9,8.72,False,125.6,129.2
4072,254.95,334.4,16.41,False,104.8,107.6
4073,419.88,497.6,16.8,False,117.0,125.1
4074,338.11,403.7,17.19,False,106.8,110.6
4075,279.34,388.7,3.59,True,103.5,108.3
4076,231.06,217.8,13.14,False,110.1,112.0
4077,203.03,203.0,12.18,False,108.0,109.8
4078,312.43,327.4,2.0,True,114.8,117.0
4079,187.61,211.0,12.59,True,114.9,118.7
4080,374.72,411.2,13.0,False,106.5,110.3
4081,136.34,126.0,12.33,True,101.4,102.2
4082,87.03,77.0,5.06,False,102.8,103.5
4083,303.57,306.7,6.98,True,96.3,101.5
4084,150.59,166.7,10.64,False,108.4,110.0
4085,123.56,115.1,3.78,True,109.9,111.2
4086,682.15,665.5,4.12,False,103.1,110.1
4087,253.52,229.2,13.03,True,102.4,105.4
4088,122.33,100.3,4.23,True,109.9,109.5
4089,168.13,155.6,1.78,False,106.2,108.4
4090,187.8,193.5,4.55,False,108.7,111.0
4091,267.04,303.2,2.75,True,107.8,108.9
4092,113.46,156.0,6.16,False,111.5,112.0
4093,167.71,208.8,14.05,False,106.6,110.0
4094,239.49,265.1,14.47,False,107.1,108.9
4095,265.18,292.8,2.68,False,98.7,101.4
4096,258.74,217.4,10.91,False,109.7,110.5
4097,585.87,555.3,2.95,True,110.5,113.3
4098,285.83,331.8,4.59,False,108.9,112.1
4099,334.41,321.8,14.44,False,121.5,125.4
4100,279.95,315.4,17.54,False,111.0,114.7
4101,408.79,412.9,5.98,True,109.1,110.9
4102,274.82,255.4,14.32,True,113.0,115.5
4103,153.92,124.8,7.14,False,122.7,123.0
4104,250.69,285.1,14.45,False,111.5,114.4
4105,322.79,305.1,10.91,False,96.7,98.9
4106,304.43,448.0,10.51,False,112.6,121.0
4107,143.51,117.6,14.84,False,104.7,105.4
4108,138.79,134.6,12.99,False,98.5,100.4
4109,225.19,233.4,17.52,False,120.2,122.8
4110,227.7,320.4,7.48,True,118.9,123.3
4111,103.57,105.3,17.26,False,104.6,105.4
4112,151.72,119.5,15.16,False,104.6,106.0
4113,312.64,362.4,9.64,False,111.0,117.4
4114,132.3,107.9,9.76,False,104.7,106.8
4115,139.24,135.7,16.38,False,109.2,111.1
4116,393.54,374.9,11.19,True,105.7,110.0
4117,301.64,317.8,7.07,False,107.6,110.0
4118,132.24,157.0,2.18,False,101.6,101.4
4119,289.01,298.0,6.44,False,115.0,118.5
4120,298.96,267.4,5.09,False,117.2,121.2
4121,218.92,212.7,3.63,True,109.4,113.1
4122,172.23,182.4,12.6,False,109.8,111.7
4123,345.11,291.6,8.03,False,113.8,116.4
4124,136.14,113.4,3.06,True,110.0,111.1
4125,296.77,289.8,6.9,False,120.4,123.3
4126,244.64,253.9,3.82,False,102.1,105.1
4127,272.36,264.0,11.38,False,115.2,116.7
4128,142.15,132.3,8.54,False,109.3,109.8
4129,292.67,454.1,16.91,False,103.3,106.8
4130,165.52,157.3,11.54,False,123.5,125.3
4131,155.15,171.6,14.13,False,124.3,126.2
4132,186.71,208.0,7.03,True,108.8,110.8
4133,289.69,317.4,13.95,True,112.7,114.2
4134,191.94,259.7,13.62,False,107.2,110.0
4135,83.24,87.9,17.85,False,108.1,108.0
4136,254.47,227.4,12.41,False,103.2,105.8
4137,235.41,238.0,16.62,True,102.3,103.0
4138,282.8,460.1,15.8,False,121.1,127.0
4139,178.81,191.7,16.66,False,109.8,112.4
4140,309.71,302.5,10.96,True,110.3,111.6
4141,704.11,833.1,5.2,False,105.1,117.0
4142,448.3,417.8,11.15,False,111.1,117.9
4143,145.73,128.1,16.71,False,101.0,102.2
4144,261.29,340.5,17.55,False,105.4,111.5
4145,261.53,290.5,17.11,False,102.8,107.0
4146,173.97,188.1,8.78,False,117.8,119.4
4147,261.4,342.7,14.77,False,100.1,103.0
4148,98.76,127.0,9.56,True,102.9,102.7
4149,142.17,159.1,12.91,False,97.7,98.4
4150,188.88,209.2,8.62,False,104.7,107.1
4151,188.08,183.2,6.49,False,107.2,108.4
4152,337.22,322.8,8.79,False,115.9,118.2
4153,223.68,224.0,6.57,True,108.7,111.8
4154,190.77,173.0,8.48,False,107.5,108.6
4155,362.12,414.1,12.68,False,111.8,115.3
4156,319.38,316.2,4.81,False,107.3,111.1
4157,108.37,97.9,12.67,False,124.5,124.2
4158,99.91,96.8,2.71,True,106.5,107.7
4159,217.55,173.7,1.53,True,112.5,112.7
4160,81.91,105.0,5.35,False,115.0,116.0
4161,267.78,378.8,4.84,False,106.3,111.6
4162,178.0,163.4,15.25,False,111.0,113.3
4163,277.59,302.3,13.97,False,107.0,109.0
4164,253.05,337.9,12.5,False,111.6,115.8
4165,89.24,71.2,13.15,False,110.6,111.1
4166,149.7,167.7,12.44,False,109.2,110.1
4167,221.35,203.9,15.14,False,103.1,103.6
4168,289.69,266.0,10.31,False,121.2,121.8
4169,403.93,367.4,1.79,True,113.5,114.9
4170,480.93,681.7,15.74,False,100.5,105.7
4171,382.67,525.6,9.26,False,107.5,110.3
4172,180.39,222.5,16.82,False,100.6,101.6
4173,252.83,221.0,16.23,False,114.6,118.5
4174,474.54,496.1,8.09,False,109.9,115.3
4175,218.65,229.3,16.9,False,110.0,113.3
4176,168.62,165.6,2.47,False,104.9,105.1
4177,333.8,382.1,12.43,False,108.1,109.1
4178,219.74,273.0,12.74,False,114.7,119.1
4179,116.53,96.0,15.36,False,116.3,116.0
4180,183.22,192.6,9.28,False,115.1,117.2
4181,97.52,106.9,5.47,True,100.7,102.2
4182,68.26,48.7,2.23,True,108.9,108.3
4183,482.46,565.0,9.21,False,111.5,120.4
4184,240.28,245.7,8.98,True,105.6,109.6
4185,198.53,196.7,7.38,False,100.0,103.1
4186,187.61,172.9,12.0,False,102.3,104.1
4187,229.15,231.7,10.27,False,119.0,120.6
4188,150.57,171.7,3.41,False,102.9,104.2
4189,150.45,129.5,2.29,True,110.3,110.3
4190,184.33,177.5,16.2,False,109.1,109.6
4191,463.98,470.0,13.75,True,109.1,114.6
4192,390.7,377.5,9.14,False,108.1,110.2
4193,170.47,177.6,9.68,True,114.7,116.5
4194,580.15,596.2,3.39,True,110.2,120.7
4195,171.29,221.0,5.85,True,106.2,107.4
4196,141.15,146.3,15.11,False,110.3,111.2
4197,255.27,279.7,3.58,True,102.3,105.1
4198,541.97,510.2,3.22,True,112.9,115.2
4199,407.08,458.1,10.71,False,105.9,107.5
4200,156.31,150.5,15.37,False,106.3,108.3
4201,97.9,114.9,7.76,True,113.1,112.4
4202,181.37,186.8,12.16,False,107.6,108.6
4203,256.24,305.3,16.39,False,107.9,110.0
4204,421.1,350.7,16.21,True,117.0,118.8
4205,341.52,423.4,9.22,False,104.2,110.8
4206,244.85,253.1,6.38,True,113.0,116.1
4207,255.87,257.7,10.96,False,115.7,117.8
4208,183.68,248.0,16.75,False,117.0,117.9
4209,345.59,394.1,12.73,False,123.1,129.8
4210,343.06,354.0,17.26,False,106.1,110.2
4211,142.01,147.4,11.06,False,104.8,105.7
4212,207.12,330.9,1.85,False,114.9,117.3
4213,326.39,380.5,8.89,False,115.6,119.8
4214,411.63,396.9,16.4,False,105.3,107.8
4215,283.92,273.2,2.06,False,112.9,115.3
4216,283.19,265.2,11.7,False,126.3,129.5
4217,191.18,226.3,7.74,True,110.6,112.1
4218,265.32,239.4,8.16,True,115.5,119.0
4219,486.32,547.0,10.86,False,119.5,127.1
4220,277.0,243.9,8.29,False,125.0,128.4
4221,154.32,154.2,16.68,False,111.5,113.6
4222,192.9,276.4,6.51,False,117.5,118.7
4223,356.73,346.9,14.03,True,105.3,109.8
4224,335.49,388.1,3.02,True,110.1,115.7
4225,134.53,128.6,6.99,False,107.3,106.6
4226,348.23,487.3,4.1,False,98.7,107.0
4227,371.13,340.0,5.13,False,100.4,105.4
4228,402.24,472.6,10.81,False,112.6,118.8
4229,126.88,102.6,7.14,False,112.7,112.8
4230,346.39,405.0,2.3,False,103.8,108.8
4231,114.35,125.1,15.75,False,119.3,120.3
4232,222.49,199.0,12.64,False,103.3,103.8
4233,308.68,345.9,17.26,False,111.5,112.8
4234,121.72,118.2,14.71,False,107.5,109.4
4235,147.3,171.0,10.73,False,110.6,111.9
4236,105.76,101.6,9.1,False,115.4,116.4
4237,334.91,341.0,17.12,False,114.5,118.1
4238,123.86,146.0,8.5,False,114.2,115.8
4239,214.38,235.4,10.49,False,113.5,115.0
4240,254.97,290.8,7.01,False,102.4,105.9
4241,250.14,274.7,6.13,True,116.8,117.8
4242,295.08,261.3,15.45,False,103.6,105.7
4243,241.29,261.0,5.58,False,109.4,109.6
4244,103.14,105.5,3.88,False,107.9,108.3
4245,272.92,205.1,13.51,False,112.1,113.4
4246,227.99,259.7,15.38,False,107.1,110.9
4247,230.67,244.6,16.81,False,109.0,111.1
4248,209.9,218.3,12.51,False,119.7,120.1
4249,153.66,157.3,7.25,False,102.2,103.5
4250,257.09,271.4,9.93,True,110.0,112.1
4251,311.66,299.0,4.57,False,103.3,105.4
4252,198.28,183.8,5.0,False,114.0,117.0
4253,408.53,389.6,16.29,False,105.6,107.7
4254,516.24,492.7,15.51,False,110.2,115.3
4255,234.65,238.0,6.1,True,102.1,103.5
4256,155.38,149.3,7.78,False,117.7,117.9
4257,137.49,117.4,17.32,False,110.4,111.8
4258,166.78,197.4,7.97,True,110.8,111.3
4259,277.52,228.5,6.9,True,115.0,116.0
4260,112.43,113.9,4.81,False,102.5,103.6
4261,179.55,194.1,8.23,False,106.3,107.3
4262,293.02,378.7,7.5,False,111.0,113.9
4263,80.67,64.9,13.62,True,99.4,99.5
4264,263.22,246.1,7.23,False,100.1,100.9
4265,206.65,170.4,9.06,True,105.1,108.0
4266,202.15,232.4,6.8,True,103.2,106.5
4267,478.3,506.9,6.77,False,107.9,112.0
4268,223.97,226.5,5.65,True,113.1,114.6
4269,235.76,208.9,9.72,False,114.5,116.7
4270,397.49,329.4,8.58,False,120.9,125.2
4271,311.94,273.4,2.45,False,109.9,110.1
4272,226.54,246.7,16.85,False,110.9,113.4
4273,285.07,278.7,7.26,False,109.9,111.3
4274,421.94,433.8,14.0,True,111.9,117.7
4275,339.89,365.8,16.46,False,112.4,119.5
4276,168.08,201.1,1.69,False,115.5,116.8
4277,389.25,492.6,3.53,False,115.5,119.8
4278,202.01,176.2,4.64,False,113.1,114.6
4279,278.23,246.2,16.12,False,119.1,121.3
4280,238.73,261.5,10.5,True,110.2,111.6
4281,205.47,195.9,6.63,True,106.3,108.7
4282,478.18,464.4,2.23,False,107.3,113.2
4283,141.98,190.5,2.09,False,109.4,112.5
4284,197.01,216.9,11.03,False,103.5,106.1
4285,453.78,394.3,13.1,True,106.3,111.5
4286,180.95,179.8,7.86,False,103.2,103.3
4287,105.12,111.2,6.25,True,112.1,112.4
4288,238.38,250.0,14.81,False,112.1,114.4
4289,149.93,130.3,15.78,False,99.4,100.8
4290,92.97,122.3,7.83,False,106.1,106.8
4291,78.9,65.7,13.85,True,121.0,121.2
4292,81.49,70.8,15.85,False,113.8,113.0
4293,70.03,73.9,7.78,False,112.7,112.4
4294,472.27,527.2,4.15,True,106.0,112.2
4295,90.26,73.7,7.58,False,111.7,112.0
4296,142.39,128.5,2.53,False,109.9,109.7
4297,207.24,218.9,2.09,False,105.2,105.6
4298,260.68,321.7,15.11,False,107.0,110.1
4299,250.96,339.3,15.57,False,107.2,110.3
4300,138.1,149.3,12.18,False,101.1,102.8
4301,262.56,243.7,15.64,True,102.1,105.5
4302,202.71,215.4,16.94,True,108.8,109.4
4303,222.08,236.3,12.83,False,104.9,108.0
4304,212.44,253.4,16.54,False,108.2,110.8
4305,252.96,290.2,16.67,False,100.4,105.3
4306,185.34,168.6,6.03,True,114.8,117.1
4307,412.97,424.0,17.17,False,122.5,124.5
4308,466.89,566.6,17.73,False,116.2,120.1
4309,128.09,191.3,6.12,False,116.8,119.8
4310,533.93,665.8,11.85,False,113.8,125.8
4311,165.22,174.4,5.13,True,111.6,113.2
4312,210.75,246.1,8.0,False,110.5,112.8
4313,200.21,216.4,11.8,True,104.5,106.4
4314,253.73,240.9,2.12,False,114.1,116.8
4315,364.49,399.8,12.17,False,113.8,118.5
4316,222.27,209.7,9.52,False,107.2,107.3
4317,104.72,119.4,3.54,False,113.2,112.9
4318,156.77,166.9,12.8,False,105.8,106.6
4319,159.79,210.0,17.05,False,106.2,108.2
4320,234.43,257.9,1.54,True,114.7,118.4
4321,136.86,149.7,8.72,False,112.6,114.1
4322,193.16,159.0,3.58,True,108.6,108.8
4323,259.74,262.9,4.92,True,107.9,112.6
4324,282.5,267.8,9.61,False,111.0,113.9
4325,318.83,370.2,6.31,False,99.0,102.9
4326,137.63,165.8,12.21,True,105.5,105.5
4327,238.43,305.4,5.86,False,102.4,105.2
4328,219.2,216.7,14.31,True,110.1,113.5
4329,209.16,179.1,4.53,True,116.5,118.1
4330,217.96,220.5,16.47,False,112.9,115.4
4331,215.52,237.3,8.1,False,106.9,107.0
4332,115.68,112.1,2.42,True,105.8,106.5
4333,128.61,117.2,3.15,False,105.5,106.7
4334,383.43,327.6,10.29,False,122.0,125.5
4335,209.44,188.8,16.53,False,110.4,113.3
4336,258.0,258.9,10.0,False,111.2,114.2
4337,307.02,322.5,8.93,True,97.3,99.0
4338,213.91,221.2,14.25,False,102.9,103.7
4339,306.69,308.4,5.24,True,109.7,110.7
4340,212.0,238.1,12.66,False,107.0,108.2
4341,204.05,244.1,5.1,False,110.8,112.2
4342,440.45,417.0,15.45,False,110.7,117.6
4343,203.4,208.5,16.04,False,113.6,115.9
4344,341.6,329.6,4.71,True,98.8,104.3
4345,131.12,100.9,3.87,False,103.4,104.6
4346,261.05,253.9,13.44,False,109.4,110.1
4347,443.71,472.8,12.27,True,106.1,113.3
4348,875.55,691.4,11.76,False,108.1,111.1
4349,119.18,103.9,9.9,False,110.7,109.9
4350,152.76,188.2,3.63,False,105.5,107.0
4351,137.7,132.0,13.37,False,111.2,110.8
4352,237.69,213.0,4.18,False,113.3,115.6
4353,272.4,357.9,10.46,False,110.4,115.3
4354,339.8,424.9,7.22,True,114.3,119.8
4355,444.37,432.1,6.97,True,97.0,101.8
4356,112.0,98.5,15.23,False,106.5,107.8
4357,226.44,234.5,9.03,True,115.4,118.4
4358,191.18,163.9,9.64,False,104.8,107.4
4359,175.36,206.3,16.29,False,104.0,107.0
4360,138.87,176.8,10.71,True,109.2,110.2
4361,95.99,101.4,14.72,False,109.9,110.8
4362,421.43,427.1,15.74,False,106.8,111.0
4363,153.61,150.5,12.97,False,121.1,121.1
4364,149.18,165.7,3.88,True,111.7,114.2
4365,356.54,474.3,3.47,False,104.6,112.2
4366,107.93,91.3,8.66,True,101.4,102.7
4367,306.01,288.0,2.54,False,112.4,113.8
4368,313.19,384.2,6.46,False,104.4,106.5
4369,375.6,454.5,4.94,False,122.9,125.6
4370,226.9,277.7,2.14,True,112.6,116.0
4371,288.44,332.8,8.09,True,113.4,116.8
4372,372.91,384.1,5.61,False,111.5,117.2
4373,255.71,214.8,3.18,True,116.7,120.2
4374,152.44,138.8,13.55,False,95.6,95.7
4375,432.38,493.1,16.56,False,102.8,107.6
4376,323.99,314.1,11.74,False,116.2,120.2
4377,251.95,234.4,16.83,False,119.0,121.1
4378,110.07,104.5,4.25,False,102.6,103.7
4379,92.54,58.1,14.17,False,99.1,99.6
4380,261.26,285.1,8.24,False,111.0,114.5
4381,70.6,56.1,9.58,False,112.9,112.7
4382,245.19,233.0,12.46,False,110.9,111.5
4383,165.1,154.5,14.43,False,109.6,111.3
4384,211.89,176.6,2.49,True,98.9,102.2
4385,364.01,434.6,7.9,False,107.7,111.7
4386,170.2,155.3,14.12,False,108.6,110.2
4387,236.96,239.3,10.33,False,106.7,110.3
4388,177.1,155.8,7.14,True,98.5,99.7
4389,247.59,271.1,2.17,True,113.5,114.0
4390,220.73,251.0,1.62,True,115.2,115.8
4391,248.38,233.1,8.51,True,105.2,105.1
4392,370.81,384.8,9.48,False,108.9,112.0
4393,90.74,91.5,5.28,False,107.0,107.1
4394,109.69,77.9,14.69,False,107.1,107.8
4395,134.55,115.5,13.44,False,113.0,113.5
4396,238.02,251.7,4.61,True,113.1,115.4
4397,264.31,295.9,4.6,True,116.4,119.5
4398,63.2,39.0,15.77,False,116.3,115.8
4399,299.48,293.8,16.67,True,109.0,112.7
4400,378.58,538.2,17.75,False,127.1,131.5
4401,205.7,190.8,12.83,False,119.3,119.6
4402,485.39,499.9,16.83,False,106.1,115.6
4403,189.11,282.5,3.95,True,110.8,114.4
4404,434.53,469.3,4.07,False,98.1,103.7
4405,422.27,423.2,2.19,True,110.2,116.9
4406,206.74,190.9,10.39,False,120.0,122.1
4407,362.88,358.7,5.15,False,126.7,128.6
4408,182.61,190.7,10.89,False,109.3,111.2
4409,412.79,532.9,1.63,False,112.0,120.6
4410,149.04,200.7,10.23,False,113.6,117.0
4411,328.95,303.4,16.17,False,121.9,125.3
4412,576.19,586.1,13.48,False,104.1,109.3
4413,330.39,310.6,7.56,True,125.9,129.7
4414,167.78,179.9,2.63,True,108.1,110.3
4415,122.97,107.9,5.54,True,103.0,103.5
4416,86.4,91.9,9.81,True,108.1,108.3
4417,241.33,293.0,5.75,True,105.1,106.6
4418,219.51,220.5,14.31,False,112.5,114.0
4419,131.08,116.7,16.93,False,100.1,101.1
4420,384.61,338.4,4.41,False,110.8,112.7
4421,303.81,335.9,1.59,True,114.0,118.9
4422,186.0,218.3,2.89,False,118.9,120.9
4423,389.54,480.3,14.75,False,114.1,116.4
4424,84.36,82.2,2.39,True,118.5,118.9
4425,223.06,183.7,13.81,False,106.4,108.8
4426,320.65,309.7,8.19,False,112.4,116.4
4427,136.8,124.6,8.53,False,96.6,97.5
4428,325.01,356.2,13.56,True,109.3,114.7
4429,375.88,412.3,6.78,False,112.3,114.2
4430,62.13,47.4,14.87,False,112.9,112.7
4431,406.15,488.9,3.06,False,100.6,105.2
4432,261.1,299.7,13.36,False,107.7,112.1
4433,159.03,171.8,16.41,False,108.5,110.2
4434,95.29,96.6,4.21,True,107.4,107.2
4435,354.2,381.7,10.66,False,114.4,118.3
4436,108.53,113.2,12.08,True,108.7,109.8
4437,287.39,299.4,3.69,True,110.6,113.2
4438,130.02,115.9,10.46,False,107.1,107.8
4439,218.84,230.2,5.66,True,116.4,120.4
4440,310.52,372.7,13.93,True,116.8,117.8
4441,171.15,173.1,10.87,False,108.1,109.4
4442,409.37,487.1,8.27,False,127.1,135.1
4443,290.05,313.5,13.75,False,105.4,106.9
4444,148.34,124.8,13.58,False,116.0,116.9
4445,91.84,101.1,4.97,False,104.3,104.8
4446,184.06,145.1,1.92,False,114.6,116.4
4447,211.44,224.1,5.6,False,114.2,117.1
4448,486.88,511.9,16.06,False,103.9,111.0
4449,453.54,564.1,8.05,False,109.2,116.0
4450,194.74,169.4,4.82,False,121.2,123.0
4451,163.4,166.4,7.59,False,105.1,106.0
4452,296.55,341.9,7.82,False,112.4,116.4
4453,291.79,340.4,8.99,True,112.0,113.4
4454,384.98,445.8,8.93,False,109.7,118.2
4455,434.92,452.2,6.42,True,99.6,101.6
4456,144.87,139.3,6.44,True,115.0,114.7
4457,101.75,89.6,14.7,False,110.1,110.8
4458,267.72,316.0,12.44,False,116.6,117.8
4459,229.33,259.1,12.71,False,111.4,113.9
4460,78.09,64.4,4.64,False,110.4,111.4
4461,105.3,88.3,17.87,False,112.2,113.5
4462,307.63,307.8,2.93,False,104.1,105.3
4463,230.62,213.2,12.76,False,119.3,121.0
4464,288.45,311.6,13.77,False,107.7,111.8
4465,124.81,119.9,5.91,False,107.8,109.0
4466,292.79,323.9,2.77,True,117.8,118.8
4467,203.37,276.8,13.67,False,111.5,112.9
4468,298.46,336.8,10.83,False,108.6,113.2
4469,166.32,176.3,17.43,False,112.5,113.7
4470,137.28,155.3,13.51,False,113.8,115.2
4471,100.18,96.5,16.84,False,109.3,108.7
4472,198.53,193.2,11.97,False,115.5,117.5
4473,306.05,402.8,9.72,True,102.4,106.0
4474,389.23,463.0,17.09,False,111.6,114.8
4475,142.7,113.8,15.01,False,114.8,116.4
4476,175.22,224.0,2.08,True,113.7,114.4
4477,452.9,516.0,11.12,False,96.6,104.8
4478,409.59,553.8,3.97,True,109.2,116.9
4479,163.17,188.8,17.14,False,102.7,103.4
4480,371.15,422.1,12.65,False,117.7,122.5
4481,310.79,383.9,8.95,False,107.7,114.4
4482,355.3,367.0,17.34,False,117.0,119.9
4483,102.7,81.0,7.05,True,102.7,103.5
4484,181.41,163.6,8.83,False,112.3,114.1
4485,232.37,210.7,8.08,False,110.0,110.8
4486,169.1,207.3,3.68,False,126.6,128.6
4487,202.88,222.7,3.97,False,117.1,117.7
4488,548.52,586.6,11.25,False,116.7,125.5
4489,211.44,192.5,2.65,True,122.2,123.2
4490,333.11,283.8,16.86,False,111.7,111.9
4491,295.53,278.3,6.91,False,109.4,114.4
4492,234.06,224.3,6.8,True,108.7,111.0
4493,160.56,118.1,3.8,False,112.0,112.9
4494,234.78,241.2,7.29,False,93.4,97.0
4495,75.77,63.7,12.9,False,110.0,109.6
4496,292.9,299.4,17.3,True,111.4,112.6
4497,72.19,57.5,4.68,False,109.1,109.0
4498,270.4,284.9,4.43,False,100.8,106.4
4499,117.24,158.7,3.79,False,109.1,110.3
4500,122.05,127.8,10.97,False,100.8,102.2
4501,310.57,344.8,3.43,False,120.6,125.0
4502,194.78,180.0,2.95,False,108.5,108.3
4503,256.35,234.3,13.77,False,97.6,101.2
4504,86.79,82.7,14.59,False,108.8,108.8
4505,545.97,481.6,6.69,False,115.4,122.5
4506,243.46,247.1,11.09,False,111.1,113.8
4507,241.97,246.8,13.75,True,104.5,104.7
4508,308.16,429.0,2.31,False,105.9,108.5
4509,263.73,303.0,11.97,False,108.3,110.3
4510,64.11,44.0,6.22,True,107.4,107.1
4511,473.18,507.7,8.25,True,102.4,110.9
4512,186.95,188.5,7.38,False,109.6,112.7
4513,463.74,491.5,13.35,False,102.0,110.2
4514,145.54,184.7,9.23,False,115.7,117.5
4515,167.51,161.4,14.04,False,116.4,116.8
4516,317.82,291.8,6.7,True,104.0,108.5
4517,675.5,650.5,10.43,False,105.7,109.7
4518,372.43,421.8,16.47,False,107.5,110.1
4519,351.54,309.6,8.73,False,109.8,112.5
4520,225.38,289.3,11.01,False,111.5,116.9
4521,204.52,239.9,12.56,True,112.8,115.5
4522,539.61,479.5,16.55,False,112.6,114.1
4523,340.95,349.6,12.0,False,119.3,125.2
4524,88.72,95.3,11.6,False,110.4,111.7
4525,145.74,128.3,15.25,False,102.2,103.5
4526,262.93,315.4,17.87,False,100.3,101.2
4527,112.11,115.3,16.33,False,119.8,119.5
4528,241.7,246.3,3.56,True,113.1,115.1
4529,340.0,365.5,12.66,False,111.2,116.5
4530,229.63,292.9,6.92,False,112.7,116.3
4531,113.87,104.8,8.34,True,111.0,111.4
4532,129.19,132.6,12.15,True,112.6,113.9
4533,249.05,298.0,3.89,False,107.8,110.6
4534,638.63,611.9,12.93,False,116.3,126.9
4535,274.49,218.1,6.34,False,106.9,108.3
4536,434.01,372.4,15.02,False,104.6,109.4
4537,297.06,294.4,7.63,False,99.9,104.6
4538,146.17,157.7,2.32,False,108.6,110.9
4539,339.2,374.7,11.38,False,117.6,120.8
4540,100.6,81.2,13.87,True,107.3,108.2
4541,313.06,359.9,11.68,True,101.7,107.7
4542,334.98,304.3,14.35,True,111.7,116.5
4543,130.17,166.5,14.77,False,106.1,106.6
4544,126.62,121.5,2.2,True,119.3,120.1
4545,189.39,175.2,1.53,False,116.4,116.5
4546,140.41,150.7,5.2,False,102.4,101.9
4547,199.1,198.4,5.21,False,109.0,112.0
4548,188.81,185.9,10.79,False,105.5,106.8
4549,199.3,166.5,5.28,False,103.0,105.1
4550,89.18,79.2,7.52,False,109.7,110.3
4551,95.46,111.3,8.99,True,114.9,115.1
4552,329.83,407.1,11.41,False,109.5,111.8
4553,143.34,169.3,17.95,False,106.9,107.6
4554,152.83,200.6,12.86,True,96.8,97.1
4555,160.63,180.1,5.89,False,106.0,108.1
4556,508.18,485.5,7.29,True,113.3,117.5
4557,145.44,148.6,2.22,True,101.9,102.7
4558,145.04,142.5,8.42,True,117.7,118.2
4559,258.05,308.0,11.22,False,106.5,109.9
4560,262.43,257.0,17.17,True,111.2,114.1
4561,358.86,312.7,5.92,False,107.6,112.9
4562,247.3,302.0,5.52,False,102.9,105.5
4563,424.94,380.0,1.78,True,112.6,114.7
4564,111.75,103.1,10.98,True,106.4,107.3
4565,271.52,292.1,17.93,False,105.0,107.7
4566,154.0,143.0,7.62,True,95.7,95.7
4567,85.77,65.5,9.71,False,117.8,117.8
4568,353.84,300.9,2.46,False,110.0,113.8
4569,292.09,291.4,10.92,False,116.6,118.9
4570,232.24,229.1,4.97,False,113.7,117.9
4571,326.6,383.6,1.76,False,116.6,118.6
4572,163.09,143.7,12.78,False,106.6,106.5
4573,265.4,327.8,3.94,False,101.8,104.1
4574,206.6,210.9,3.17,True,114.6,114.8
4575,289.55,220.1,5.26,True,110.8,113.2
4576,66.78,71.3,3.77,True,107.2,108.0
4577,364.98,385.7,11.78,False,114.5,121.7
4578,275.95,285.3,5.91,False,111.8,115.7
4579,285.06,321.0,12.57,False,113.8,119.7
4580,131.14,132.3,10.51,False,103.9,103.9
4581,259.46,267.4,7.33,True,115.9,117.7
4582,195.61,210.7,4.69,False,110.0,110.3
4583,275.56,293.5,12.6,False,116.5,120.1
4584,237.14,260.7,10.15,True,115.8,117.1
4585,606.51,536.5,13.39,False,114.1,116.7
4586,392.67,448.3,9.85,False,109.3,116.8
4587,208.65,197.3,14.73,False,114.3,114.4
4588,256.47,300.7,10.57,False,116.7,120.8
4589,193.56,188.1,14.92,False,113.6,113.8
4590,381.62,378.1,10.57,False,111.2,114.7
4591,225.83,215.7,17.37,False,114.3,117.4
4592,155.16,173.7,15.58,False,106.8,108.2
4593,215.93,265.3,5.69,True,119.1,119.3
4594,487.93,429.8,13.51,False,99.9,104.6
4595,317.1,393.9,3.68,True,110.2,115.0
4596,185.9,179.4,16.53,False,107.6,108.2
4597,405.48,511.2,7.2,True,106.2,110.3
4598,160.19,136.9,9.38,False,111.8,111.9
4599,149.68,161.9,1.84,False,103.2,104.6
4600,293.52,369.5,15.82,False,122.9,128.9
4601,81.96,65.8,17.14,False,101.9,101.9
4602,208.62,234.6,9.26,False,104.3,107.1
4603,194.01,196.8,4.6,False,103.7,105.2
4604,483.76,527.3,12.95,False,111.2,119.1
4605,114.34,122.8,6.4,True,116.1,115.7
4606,141.4,130.9,17.34,False,113.2,114.1
4607,431.51,566.3,6.63,True,118.8,126.6
4608,220.64,198.1,11.0,False,105.0,105.7
4609,422.89,420.8,2.32,True,114.0,115.3
4610,178.07,180.6,17.83,False,108.2,110.5
4611,168.14,158.1,11.01,False,111.4,113.0
4612,481.51,432.0,17.59,False,116.7,118.0
4613,561.16,640.3,6.46,True,99.8,108.1
4614,341.63,449.8,10.2,False,121.9,126.1
4615,184.72,174.1,1.8,True,109.1,109.4
4616,188.01,229.0,14.22,False,100.4,101.1
4617,135.07,134.3,4.25,False,105.8,106.7
4618,135.54,147.7,8.52,False,110.6,112.5
4619,139.34,143.4,12.56,True,105.8,105.9
4620,172.54,183.0,2.86,True,97.7,97.5
4621,265.02,249.5,14.43,False,110.6,113.9
4622,254.96,234.2,14.8,False,105.7,108.2
4623,355.54,341.3,10.27,False,113.9,116.8
4624,260.71,256.7,11.48,True,103.6,105.1
4625,291.36,324.0,3.05,True,123.6,124.6
4626,228.7,351.8,8.91,True,113.1,119.6
4627,182.91,175.8,15.38,False,111.2,111.3
4628,145.38,213.2,2.97,False,113.7,115.7
4629,640.95,995.9,17.81,False,99.1,113.3
4630,162.87,167.7,9.52,True,107.0,108.6
4631,322.26,333.9,1.71,False,120.7,126.9
4632,111.01,107.4,7.11,True,108.1,108.1
4633,390.47,357.2,9.76,True,109.6,116.5
4634,161.79,152.3,17.32,False,107.2,108.1
4635,213.2,238.8,13.14,True,118.8,121.6
4636,122.66,97.0,11.09,False,108.5,108.0
4637,259.24,225.7,17.45,True,102.5,105.7
4638,242.14,228.3,6.37,True,125.5,128.3
4639,189.8,208.8,7.77,False,101.7,105.1
4640,251.1,295.0,14.18,False,109.4,112.8
4641,304.95,412.4,11.31,True,104.9,107.0
4642,136.36,130.5,5.11,False,105.8,106.0
4643,177.05,211.6,13.89,False,103.6,104.2
4644,106.11,101.1,5.91,False,106.8,107.9
4645,89.5,75.2,10.72,False,115.9,115.4
4646,190.35,254.9,15.63,True,98.6,100.8
4647,110.0,124.7,6.04,False,117.6,117.5
4648,210.58,233.0,14.06,True,116.5,120.0
4649,232.14,260.5,15.71,False,113.1,115.2
4650,94.83,83.1,6.73,True,110.8,111.6
4651,261.71,282.3,4.74,True,111.7,112.9
4652,327.22,401.8,15.79,True,118.5,121.1
4653,237.16,317.6,9.2,True,99.5,102.7
4654,131.22,132.3,6.64,False,114.4,114.0
4655,210.43,224.8,1.67,True,105.5,108.3
4656,221.5,238.9,4.7,False,115.0,117.4
4657,208.25,213.9,9.96,False,106.3,109.3
4658,128.12,104.2,15.18,True,114.2,115.0
4659,156.48,144.7,9.79,False,100.7,101.9
4660,195.88,203.4,6.06,False,99.8,102.6
4661,202.05,258.5,16.83,False,109.3,113.7
4662,196.69,167.1,7.59,True,118.6,119.3
4663,82.71,70.2,4.19,False,113.2,113.0
4664,156.78,173.0,17.1,False,113.2,114.8
4665,501.57,536.1,8.04,False,115.2,122.0
4666,291.61,283.4,9.46,False,107.6,109.7
4667,287.11,254.5,15.19,False,113.7,114.7
4668,152.99,143.4,6.25,False,106.5,108.2
4669,197.78,177.5,10.22,True,108.1,108.2
4670,69.78,67.2,15.79,False,108.9,109.9
4671,147.02,137.9,5.73,False,106.7,107.1
4672,243.84,275.7,16.26,False,109.6,114.1
4673,250.4,255.5,4.66,True,108.5,111.3
4674,186.72,158.1,15.6,True,105.8,108.2
4675,215.69,213.8,7.99,True,109.2,111.8
4676,189.19,234.3,10.54,False,110.9,112.2
4677,136.35,163.0,10.6,False,103.4,104.0
4678,322.57,292.3,4.88,False,112.5,113.0
4679,254.08,253.0,4.35,False,107.0,111.0
4680,192.38,181.2,13.24,False,111.2,111.7
4681,116.37,108.4,15.12,False,106.0,107.2
4682,174.77,173.9,3.76,True,116.3,118.1
4683,150.06,167.3,13.9,False,115.7,117.4
4684,165.72,158.0,6.89,False,103.7,106.0
4685,92.14,85.1,11.31,False,113.1,114.1
4686,395.44,459.9,10.32,False,118.7,125.2
4687,356.22,447.8,13.77,True,104.3,107.4
4688,125.66,209.5,10.44,False,104.8,105.5
4689,231.11,257.8,3.04,True,114.4,117.3
4690,238.55,289.6,6.11,False,102.2,103.4
4691,201.03,211.4,8.07,True,105.3,106.6
4692,245.65,267.9,10.94,False,103.9,107.9
4693,356.66,311.9,4.3,False,114.5,117.1
4694,247.45,247.9,7.07,True,105.8,107.1
4695,330.97,341.7,2.54,True,108.3,109.6
4696,162.88,154.9,6.82,True,105.5,108.1
4697,244.46,224.7,9.95,True,116.9,117.6
4698,752.22,809.5,16.95,False,104.8,110.4
4699,361.87,384.7,4.43,False,101.6,105.5
4700,259.0,250.9,1.96,False,101.3,103.6
4701,99.51,130.7,7.72,False,114.2,114.7
4702,277.75,231.1,11.53,False,114.6,117.2
4703,417.16,370.9,11.53,False,117.5,121.9
4704,316.19,330.7,7.2,False,102.4,103.8
4705,75.46,73.6,2.12,True,108.6,108.3
4706,112.89,87.0,16.66,False,124.6,125.7
4707,97.21,89.4,9.78,False,108.2,107.8
4708,293.2,292.1,14.31,False,106.6,111.2
4709,78.67,90.1,8.05,True,109.9,109.4
4710,172.77,127.4,15.22,False,113.2,113.4
4711,165.86,207.2,14.45,False,113.1,115.6
4712,375.25,404.1,3.07,False,106.3,110.3
4713,201.33,299.6,2.35,True,106.5,107.5
4714,179.38,193.5,3.97,True,108.2,110.5
4715,290.77,346.9,15.08,False,105.6,112.3
4716,632.38,620.5,5.95,True,102.6,109.4
4717,213.1,232.2,8.03,True,120.8,122.1
4718,134.79,104.7,11.04,False,107.6,107.6
4719,121.03,130.0,12.26,False,107.9,107.9
4720,125.27,129.3,8.53,False,108.1,108.7
4721,141.0,146.5,8.91,False,109.5,110.7
4722,200.97,186.0,6.91,False,112.6,115.0
4723,253.35,262.7,3.05,True,107.2,110.9
4724,124.96,95.5,3.95,True,116.8,116.6
4725,127.96,106.1,16.18,True,113.6,113.4
4726,324.15,310.4,17.59,False,108.9,111.7
4727,151.45,167.8,15.12,True,106.0,106.4
4728,146.4,137.3,6.55,False,116.5,117.8
4729,233.19,197.9,4.44,False,109.0,110.1
4730,316.07,441.9,9.9,True,102.5,104.4
4731,324.88,333.6,3.06,False,116.1,121.3
4732,318.69,321.3,16.6,False,105.6,109.6
4733,561.89,525.0,14.17,True,115.2,124.7
4734,273.69,269.5,17.56,False,94.9,96.2
4735,506.19,551.0,15.62,False,107.8,117.5
4736,540.25,574.9,8.25,True,117.0,122.3
4737,99.6,97.3,6.68,True,110.0,110.1
4738,95.96,82.2,15.26,False,113.6,113.1
4739,117.2,124.4,11.2,False,104.6,105.3
4740,456.45,418.5,16.0,False,112.1,116.8
4741,207.91,200.2,6.87,True,110.0,112.0
4742,157.94,186.5,10.52,False,111.5,113.0
4743,340.78,352.0,9.13,True,122.2,127.4
4744,192.54,163.0,4.52,True,117.8,118.8
4745,258.71,250.8,10.43,True,114.8,118.4
4746,263.03,310.3,2.88,True,114.8,120.3
4747,83.58,131.0,7.69,False,104.5,105.2
4748,130.46,114.2,10.3,True,107.2,108.1
4749,197.53,231.5,3.9,True,100.8,103.4
4750,254.02,248.0,13.94,False,102.4,103.6
4751,349.14,337.3,4.65,True,104.7,109.1
4752,140.63,122.6,13.52,False,109.8,110.9
4753,185.57,149.1,1.9,False,102.6,102.8
4754,594.43,571.8,12.87,True,109.8,115.5
4755,421.23,380.0,8.11,True,109.1,110.5
4756,233.79,210.7,14.54,False,103.2,104.3
4757,442.25,413.0,10.77,False,119.2,126.4
4758,126.24,122.9,7.77,False,102.1,104.1
4759,164.6,197.3,12.45,False,116.7,118.4
4760,304.74,246.8,7.9,False,96.5,97.9
4761,188.44,184.9,7.38,False,109.1,109.9
4762,212.52,188.6,8.52,False,102.8,102.6
4763,280.85,328.2,13.22,False,106.1,108.6
4764,394.84,382.9,11.65,True,120.9,125.9
4765,128.82,174.0,16.62,False,107.9,109.6
4766,98.62,100.5,1.51,False,103.4,104.0
4767,107.55,88.6,4.16,False,112.9,112.2
4768,87.21,63.4,9.65,False,107.9,107.8
4769,534.08,520.3,12.55,False,110.9,115.0
4770,267.3,328.9,2.98,False,104.5,106.8
4771,293.41,290.6,6.35,True,104.8,106.7
4772,187.38,161.4,17.81,False,105.3,106.3
4773,204.35,160.9,6.91,False,114.8,115.7
4774,394.12,389.7,7.77,False,108.6,113.5
4775,86.96,82.4,5.44,False,103.7,103.6
4776,149.09,178.3,1.79,True,111.0,110.9
4777,477.8,420.2,6.21,True,110.5,118.6
4778,197.38,178.1,4.16,True,113.4,114.9
4779,291.88,319.8,7.79,True,107.1,112.7
4780,169.99,215.4,5.34,False,109.5,109.9
4781,50.65,41.4,8.16,False,112.5,112.2
4782,209.03,210.4,5.95,True,103.9,106.1
4783,230.18,234.1,16.61,False,115.3,116.8
4784,153.32,201.4,6.31,False,110.1,110.3
4785,127.72,111.0,4.61,True,103.4,103.9
4786,156.4,202.6,14.07,False,103.3,106.0
4787,91.8,65.7,14.89,False,109.4,109.1
4788,179.99,177.0,10.79,True,106.7,108.8
4789,293.28,333.8,7.19,False,114.5,119.4
4790,505.9,504.7,15.26,False,108.3,116.0
4791,434.64,459.6,12.55,False,111.8,115.4
4792,147.71,121.0,7.79,True,104.9,106.2
4793,96.4,91.0,7.96,False,109.9,109.4
4794,232.0,246.8,1.54,True,117.9,121.5
4795,207.3,225.7,2.45,False,109.1,110.2
4796,295.68,307.0,3.72,True,106.7,108.1
4797,187.02,153.7,5.58,True,104.8,105.8
4798,203.45,229.5,16.78,False,109.9,113.1
4799,228.62,222.7,15.06,False,118.5,120.2
4800,157.38,180.5,2.17,True,101.8,101.6
4801,74.05,79.0,1.75,True,109.7,109.6
4802,320.99,331.2,11.17,False,99.7,103.5
4803,235.54,247.8,7.71,False,107.5,108.3
4804,315.8,343.8,14.73,False,111.6,114.0
4805,285.6,389.5,17.55,False,100.5,106.1
4806,215.48,211.9,9.66,False,107.3,108.2
4807,324.0,332.3,4.43,False,111.7,113.6
4808,401.22,511.2,16.23,True,110.8,115.4
4809,443.51,601.8,8.47,True,112.0,119.8
4810,235.63,264.6,8.38,False,104.2,107.2
4811,282.05,276.2,13.11,False,111.7,112.8
4812,259.77,262.2,7.6,False,106.4,108.4
4813,249.34,301.1,5.37,True,114.3,117.1
4814,349.56,380.3,13.74,True,96.1,99.9
4815,275.0,259.1,4.57,True,108.3,109.4
4816,446.3,582.8,2.15,False,110.6,116.0
4817,481.35,537.8,9.71,False,118.1,124.7
4818,262.16,233.7,2.06,True,110.5,111.8
4819,191.61,232.9,14.55,True,111.1,115.3
4820,194.46,172.9,17.63,True,112.3,115.7
4821,355.64,310.1,17.15,False,117.5,120.0
4822,178.96,189.6,3.96,True,107.7,110.2
4823,160.55,168.3,16.88,False,101.6,103.2
4824,318.36,306.3,3.35,True,100.4,101.6
4825,122.55,117.1,7.35,False,114.0,115.2
4826,242.93,383.9,2.89,False,111.3,118.6
4827,290.6,313.1,15.07,False,108.5,110.1
4828,495.44,522.5,5.19,False,106.5,112.3
4829,272.53,267.3,12.47,True,111.1,114.7
4830,280.38,340.0,14.08,False,111.3,112.7
4831,73.36,50.6,7.78,True,112.9,112.1
4832,380.7,364.5,14.52,False,103.3,110.0
4833,404.82,439.7,6.87,False,99.4,101.9
4834,195.08,251.0,3.95,False,104.5,105.3
4835,199.44,172.1,9.09,False,101.9,102.0
4836,251.62,270.8,13.22,False,101.6,105.6
4837,408.83,383.7,2.16,False,119.4,123.7
4838,312.12,411.6,14.8,False,96.4,100.5
4839,85.91,79.4,5.72,False,112.8,113.5
4840,831.1,880.3,12.74,False,115.4,131.7
4841,168.04,168.8,3.38,True,115.9,116.4
4842,267.03,343.2,7.93,False,111.7,116.2
4843,279.27,466.9,9.17,True,117.9,122.0
4844,246.27,221.7,9.23,False,120.7,121.5
4845,393.12,420.5,6.01,True,108.2,110.9
4846,95.89,79.0,10.23,False,112.7,113.3
4847,83.08,62.2,6.08,True,117.7,118.1
4848,423.95,429.0,4.25,True,104.8,109.9
4849,347.08,400.5,3.7,False,108.5,113.3
4850,288.69,289.7,16.26,False,106.2,107.0
4851,412.37,384.3,3.66,False,112.8,113.8
4852,495.95,545.9,8.02,False,98.6,107.8
4853,539.69,475.0,5.66,True,118.6,126.3
4854,171.4,229.1,11.66,True,113.2,115.0
4855,198.22,269.3,7.21,False,113.5,115.2
4856,219.55,207.4,6.22,True,95.8,96.4
4857,172.26,192.5,17.49,False,103.8,107.5
4858,423.71,363.3,17.95,False,118.9,120.6
4859,233.01,206.1,3.69,False,108.9,109.4
4860,401.96,362.9,12.93,True,99.7,103.8
4861,238.49,221.6,16.18,False,111.3,114.8
4862,204.32,240.2,17.52,False,114.1,115.5
4863,115.6,143.0,6.42,False,113.2,115.4
4864,390.05,357.7,14.44,False,109.1,112.6
4865,75.76,76.2,6.91,False,116.8,116.6
4866,479.55,437.9,11.76,False,105.8,108.0
4867,693.25,707.2,9.96,True,113.2,124.6
4868,229.0,244.9,13.17,False,110.8,114.1
4869,242.1,238.8,16.56,False,109.2,112.9
4870,110.58,91.9,3.36,False,107.7,107.8
4871,176.42,174.9,5.18,False,107.9,111.0
4872,415.69,386.6,11.16,False,110.2,114.2
4873,455.67,416.9,7.39,False,108.2,112.3
4874,252.29,262.5,10.7,False,114.4,116.1
4875,328.56,374.1,14.42,False,106.8,113.2
4876,172.48,144.7,13.04,False,119.4,120.2
4877,199.16,296.9,14.15,False,106.5,109.2
4878,475.38,499.7,4.16,True,115.5,121.4
4879,340.62,329.1,2.0,False,115.8,121.1
4880,431.71,541.3,15.88,True,111.0,117.2
4881,556.86,550.4,8.95,True,110.5,117.2
4882,289.08,307.6,11.99,False,105.6,108.2
4883,47.52,30.9,2.7,True,106.9,107.3
4884,421.86,412.1,13.18,False,111.3,114.6
4885,99.73,110.4,3.18,False,109.7,110.3
4886,75.54,43.9,14.49,False,117.1,116.9
4887,61.61,69.8,2.5,True,107.3,108.1
4888,404.41,428.1,2.87,False,107.6,110.3
4889,291.59,308.9,7.16,False,100.0,102.8
4890,234.2,266.5,5.0,True,113.9,117.3
4891,310.53,325.4,17.74,False,113.3,118.3
4892,80.94,72.5,8.95,False,115.9,115.1
4893,229.66,206.9,9.24,False,116.2,119.5
4894,167.12,159.2,2.27,False,114.7,114.8
4895,245.24,255.0,9.61,True,115.0,118.4
4896,257.22,260.2,2.56,False,113.7,118.6
4897,272.76,317.8,11.86,False,114.6,118.2
4898,308.59,344.6,17.7,False,98.9,104.3
4899,89.71,74.7,6.94,False,103.4,103.4
4900,196.64,208.5,14.83,False,102.4,104.3
4901,257.34,236.0,17.43,False,117.6,120.5
4902,112.75,108.5,17.47,False,105.3,105.5
4903,111.91,101.7,13.81,True,106.3,106.2
4904,71.42,70.0,15.85,False,110.0,109.2
4905,109.05,93.2,7.3,False,102.5,103.5
4906,319.53,372.9,11.13,False,112.3,118.0
4907,83.27,82.5,12.44,True,97.2,97.7
4908,113.29,91.2,5.09,False,102.9,103.5
4909,254.79,249.1,6.67,False,111.2,115.2
4910,312.01,296.2,7.46,True,102.6,106.4
4911,232.44,231.8,2.58,False,117.8,121.4
4912,129.0,121.6,9.03,True,110.3,110.2
4913,112.05,103.1,14.43,False,116.8,117.4
4914,268.35,245.2,12.22,False,112.1,113.2
4915,245.09,217.4,11.81,False,109.9,111.0
4916,173.9,186.6,11.5,False,104.0,105.1
4917,422.91,363.8,1.87,False,115.6,117.8
4918,196.62,209.3,1.55,True,112.6,116.5
4919,94.58,97.7,4.29,False,122.5,122.4
4920,140.78,187.2,16.57,False,115.0,117.2
4921,226.3,315.0,15.64,False,107.6,111.0
4922,180.53,202.1,11.02,False,111.7,113.6
4923,278.42,311.9,7.86,False,112.5,114.7
4924,345.18,346.6,17.4,False,117.0,122.6
4925,200.96,209.7,2.59,False,117.9,117.7
4926,238.99,231.2,3.1,True,109.0,112.1
4927,196.45,194.7,11.75,False,102.7,105.5
4928,296.22,315.7,10.53,False,98.9,103.7
4929,167.03,191.2,17.69,False,103.2,105.2
4930,330.02,298.7,14.74,False,106.4,108.8
4931,192.12,262.6,16.98,False,119.0,121.2
4932,93.3,69.5,13.41,True,119.1,119.3
4933,288.07,307.9,16.79,False,115.8,118.5
4934,259.73,249.0,12.83,False,117.4,118.1
4935,399.91,447.4,10.17,False,105.8,112.1
4936,116.65,111.6,11.07,True,100.9,102.6
4937,239.5,265.0,16.37,False,104.0,107.6
4938,203.19,175.7,3.23,True,97.8,100.8
4939,95.11,74.4,10.83,False,103.3,103.8
4940,96.37,61.3,7.97,False,107.0,107.1
4941,468.72,497.2,12.44,False,111.0,118.0
4942,252.22,265.5,11.46,True,110.8,112.7
4943,190.49,205.7,8.09,False,105.9,106.9
4944,101.36,87.4,12.87,False,113.4,114.2
4945,400.27,481.1,10.34,True,106.0,111.0
4946,148.86,149.7,4.59,True,110.1,110.3
4947,258.41,272.5,12.03,False,103.3,104.7
4948,245.5,243.5,1.94,False,116.5,119.0
4949,568.19,605.9,15.08,False,110.1,114.5
4950,232.32,228.0,16.46,False,114.1,117.3
4951,161.5,169.3,2.79,False,102.7,103.0
4952,309.61,267.7,5.74,False,111.0,114.8
4953,273.05,284.1,3.59,False,113.4,117.3
4954,998.13,837.6,14.24,False,97.7,104.2
4955,221.37,225.8,2.67,False,117.0,120.1
4956,132.28,109.3,10.43,False,102.5,102.8
4957,160.96,186.6,7.91,True,111.3,112.1
4958,291.75,267.4,13.89,False,120.7,122.6
4959,252.25,295.0,12.05,True,115.7,118.6
4960,102.19,82.5,10.48,True,101.1,102.0
4961,161.68,173.8,9.81,False,108.9,111.5
4962,557.21,586.4,14.29,False,117.4,127.3
4963,126.4,132.6,9.37,True,105.1,105.7
4964,306.45,368.5,8.43,True,107.8,113.1
4965,176.13,190.3,1.92,False,107.7,109.6
4966,266.97,233.4,5.93,False,113.4,113.8
4967,105.11,88.9,7.6,False,100.8,100.9
4968,170.64,201.1,11.05,False,113.8,117.0
4969,286.78,265.5,12.61,False,106.3,110.5
4970,190.97,227.4,17.38,False,109.9,113.7
4971,222.53,208.4,6.07,False,108.7,109.2
4972,325.84,316.6,10.48,False,113.6,118.8
4973,123.78,102.9,13.97,False,109.9,111.7
4974,316.93,272.5,6.62,False,118.6,121.9
4975,64.66,58.4,10.55,False,115.9,116.3
4976,414.69,425.4,8.41,False,105.2,109.8
4977,241.04,212.4,8.05,False,118.2,118.2
4978,294.91,355.0,2.53,True,111.9,112.4
4979,53.46,37.4,1.9,False,111.0,110.9
4980,299.44,327.7,6.37,False,115.1,121.5
4981,156.07,146.6,16.55,False,103.8,106.0
4982,179.1,234.3,4.68,True,101.7,103.2
4983,338.77,330.6,2.54,False,110.1,113.8
4984,185.06,222.1,11.73,False,106.4,108.0
4985,338.31,309.2,17.32,False,122.4,125.7
4986,206.32,191.9,2.44,False,105.4,107.0
4987,502.89,443.9,13.8,True,110.2,118.3
4988,225.93,212.1,3.29,False,111.2,113.7
4989,197.44,214.6,3.73,True,117.4,120.7
4990,181.72,216.8,16.95,False,104.0,104.1
4991,240.58,230.6,13.07,False,100.3,101.8
4992,107.6,105.9,10.73,False,118.4,119.6
4993,155.59,130.1,4.22,False,110.5,111.1
4994,309.96,383.9,10.72,False,114.9,120.7
4995,415.31,354.9,2.53,True,115.1,116.9
4996,368.17,342.6,8.01,False,116.2,118.2
4997,267.16,293.8,13.12,False,107.7,112.9
4998,208.47,171.5,10.88,False,106.1,108.1
4999,149.42,161.4,12.64,False,98.0,99.4
5000,221.97,225.2,3.41,False,104.0,107.7
5001,314.95,416.6,14.02,False,110.4,115.9
5002,294.01,257.2,17.28,True,105.8,109.3
5003,117.46,126.3,16.47,False,103.2,103.5
5004,90.65,93.0,2.95,False,110.3,110.2
5005,305.4,361.0,3.13,False,118.1,121.5
5006,514.31,488.2,9.97,False,109.7,116.0
5007,97.15,80.0,10.15,False,103.2,102.8
5008,347.14,367.6,15.64,True,117.6,118.9
5009,306.16,290.0,7.59,False,105.4,107.5
5010,148.26,143.7,9.99,False,118.9,120.0
5011,251.61,259.1,4.86,True,108.4,110.6
5012,152.65,114.4,17.12,False,110.6,110.2
5013,196.05,203.0,3.5,False,119.4,122.2
5014,200.61,232.2,16.42,False,101.9,103.9
5015,427.53,441.5,16.2,True,103.7,107.7
5016,214.03,197.4,2.33,True,108.0,110.2
5017,150.39,153.0,14.29,False,109.2,110.4
5018,303.16,278.0,7.07,False,125.9,128.9
5019,286.49,313.7,5.21,True,104.7,106.1
5020,151.1,149.8,8.14,True,102.2,102.0
5021,129.95,123.4,16.74,False,104.4,104.3
5022,144.65,129.7,8.08,False,111.4,112.4
5023,487.74,442.4,5.5,False,113.0,118.2
5024,301.26,306.2,10.16,False,105.8,109.8
5025,179.79,190.1,8.26,False,110.1,111.0
5026,387.7,402.6,1.81,True,121.7,127.5
5027,172.33,149.1,4.57,False,110.2,110.7
5028,231.64,220.2,1.78,False,111.9,115.9
5029,130.97,113.3,10.12,False,121.3,121.9
5030,300.35,393.1,12.08,False,105.8,110.1
5031,107.68,142.2,13.35,False,105.4,106.3
5032,174.17,144.1,4.93,True,107.2,108.1
5033,292.61,281.4,14.78,False,106.8,109.3
5034,73.7,55.2,8.28,False,99.1,98.7
5035,118.0,99.0,2.31,False,110.8,110.2
5036,385.56,336.6,16.81,False,111.3,113.9
5037,153.86,128.6,12.94,False,108.9,109.8
5038,703.53,713.4,10.78,True,111.5,119.9
5039,216.04,251.6,2.16,True,111.5,114.8
5040,76.82,76.6,1.73,True,102.1,102.2
5041,54.71,44.7,10.82,False,111.7,111.0
5042,489.18,501.5,16.0,False,113.4,115.5
5043,272.87,251.5,12.18,False,100.4,104.7
5044,229.21,205.9,1.59,True,118.8,119.1
5045,265.62,251.0,12.03,False,102.6,106.4
5046,94.41,76.2,7.25,True,103.2,102.3
5047,200.32,224.3,3.51,False,111.2,112.1
5048,121.06,133.9,14.89,False,113.2,114.4
5049,209.48,216.6,11.01,False,114.7,118.5
5050,147.68,174.1,13.45,True,113.4,113.5
5051,275.83,243.8,4.22,True,106.9,108.0
5052,159.3,190.0,3.42,True,110.7,111.6
5053,169.75,167.8,9.99,False,108.1,108.9
5054,100.43,125.4,10.21,False,111.0,110.4
5055,96.36,78.3,11.1,False,110.4,111.3
5056,81.3,68.7,13.78,False,107.0,107.8
5057,110.14,101.0,12.45,False,107.9,108.6
5058,268.5,322.5,12.66,False,98.9,101.0
5059,126.74,121.2,4.39,True,115.0,114.9
5060,139.21,152.1,8.4,False,111.8,112.5
5061,145.17,152.9,11.4,True,96.2,97.5
5062,220.24,175.7,10.06,False,114.8,116.8
5063,273.9,292.4,6.52,False,109.7,111.6
5064,199.5,188.9,17.08,False,104.4,106.1
5065,311.57,355.9,3.81,True,103.8,108.2
5066,99.37,101.7,17.58,False,105.9,106.0
5067,308.5,335.6,14.4,False,104.4,108.5
5068,569.91,469.3,11.34,False,105.2,112.0
5069,202.57,222.7,3.6,True,120.2,121.2
5070,124.08,116.0,10.8,False,112.2,112.8
5071,245.7,295.6,2.95,True,122.2,124.6
5072,148.2,224.9,16.88,False,111.4,111.9
5073,235.0,267.4,6.21,False,113.5,117.6
5074,435.06,361.5,8.09,False,104.7,110.1
5075,187.85,180.6,12.01,False,109.0,108.6
5076,202.54,164.5,1.81,True,109.5,109.7
5077,655.76,790.7,10.44,False,113.7,126.8
5078,195.09,297.7,13.29,False,109.7,112.9
5079,308.91,396.3,4.92,False,112.1,116.5
5080,345.73,350.1,4.04,False,111.9,115.4
5081,382.5,399.0,9.55,False,108.2,113.7
5082,251.57,272.5,10.35,False,107.6,110.4
5083,319.0,372.8,8.74,False,106.0,107.1
5084,169.07,152.6,6.38,False,116.5,117.0
5085,84.43,77.1,8.26,False,108.2,108.6
5086,143.92,130.6,6.65,False,112.0,113.7
5087,203.87,206.7,5.62,False,109.1,111.2
5088,180.28,191.5,9.29,True,116.4,117.6
5089,197.69,225.6,8.03,False,98.1,100.6
5090,150.31,147.4,8.68,True,111.8,113.3
5091,90.5,59.6,1.5,True,102.5,102.2
5092,200.45,177.8,12.93,True,112.3,114.6
5093,111.07,94.2,2.27,False,109.1,109.8
5094,199.32,220.2,4.91,True,101.1,103.7
5095,216.97,279.7,14.76,False,112.0,116.2
5096,198.24,175.8,17.74,False,111.3,111.8
5097,132.59,111.8,17.86,False,108.6,109.0
5098,227.91,232.1,11.27,True,109.4,111.7
5099,685.21,814.8,5.78,False,111.0,120.6
5100,230.16,297.6,15.27,False,117.1,122.0
5101,328.82,310.0,12.23,True,108.1,110.1
5102,190.35,165.4,17.77,False,116.1,117.0
5103,138.6,136.4,10.56,False,109.8,109.6
5104,333.3,399.5,10.18,False,117.8,120.1
5105,72.55,47.9,2.22,False,108.6,108.2
5106,128.59,144.8,4.71,False,106.0,106.9
5107,586.42,527.5,12.5,False,103.4,106.1
5108,210.8,212.7,17.9,False,109.8,111.7
5109,87.9,83.1,9.35,False,105.2,105.2
5110,268.61,284.3,1.98,True,118.4,122.3
5111,167.58,176.4,8.09,True,104.8,105.3
5112,100.74,72.1,3.58,True,105.9,106.0
5113,267.01,255.1,17.34,False,113.5,114.2
5114,250.4,234.3,3.83,True,117.1,119.4
5115,225.65,226.8,3.44,True,114.4,117.4
5116,256.12,295.3,9.05,False,116.4,120.8
5117,107.0,107.4,10.44,False,109.5,110.3
5118,249.59,269.6,13.34,False,109.6,111.5
5119,279.87,243.9,7.57,False,122.1,126.3
5120,417.58,394.9,16.3,False,120.1,125.4
5121,149.85,143.6,11.38,False,114.3,115.9
5122,348.39,433.1,2.28,True,116.6,120.0
5123,385.75,346.8,2.06,True,115.2,120.8
5124,204.28,208.0,9.23,True,102.8,106.2
5125,216.71,226.7,8.75,True,109.8,112.2
5126,74.14,50.1,8.96,True,119.0,119.3
5127,195.64,223.1,2.44,True,114.3,116.5
5128,294.21,333.7,2.38,True,109.6,112.1
5129,187.7,190.0,2.5,False,119.1,120.7
5130,291.7,394.3,13.61,True,112.2,117.1
5131,273.74,287.0,11.42,False,114.5,117.2
5132,494.9,615.6,3.75,True,112.2,116.6
5133,139.84,149.6,8.61,False,113.2,114.4
5134,269.54,316.3,17.06,False,113.7,115.6
5135,104.63,95.8,2.64,False,117.8,118.4
5136,177.25,200.1,4.62,True,118.6,122.1
5137,282.57,296.4,7.93,False,107.3,109.1
5138,303.34,327.1,5.39,False,112.1,117.0
5139,184.12,181.6,4.12,False,117.6,118.9
5140,498.27,417.8,17.56,False,109.2,113.2
5141,413.54,467.5,14.15,False,102.1,110.9
5142,165.81,150.6,13.53,False,104.5,104.9
5143,214.15,203.7,16.88,True,105.0,105.6
5144,178.34,191.7,4.59,True,107.3,110.0
5145,174.69,165.3,16.18,False,105.5,106.5
5146,413.44,451.6,17.71,True,116.2,119.5
5147,405.88,448.8,11.17,True,108.3,113.0
5148,179.89,195.4,16.4,False,117.6,118.2
5149,283.17,315.4,14.97,False,103.2,105.5
5150,353.19,391.8,6.75,False,107.9,113.3
5151,182.33,257.1,6.98,False,110.6,113.3
5152,216.61,187.0,12.65,False,114.9,116.4
5153,193.49,144.4,10.61,False,116.9,118.8
5154,319.68,332.1,7.85,True,106.8,109.3
5155,114.24,100.7,2.28,True,116.0,116.7
5156,212.76,189.9,1.88,False,99.9,103.4
5157,155.03,171.5,3.12,True,115.2,116.9
5158,115.04,96.9,8.17,True,102.0,101.9
5159,195.01,212.9,1.95,False,112.7,114.9
5160,253.89,201.2,3.94,True,116.8,119.9
5161,127.11,127.1,17.47,False,115.3,116.5
5162,457.97,442.3,8.93,False,100.2,103.3
5163,298.81,333.3,16.9,False,107.3,110.2
5164,272.85,228.8,4.63,False,114.3,115.8
5165,307.42,361.5,7.42,False,114.1,120.2
5166,432.7,408.6,12.57,False,111.7,117.1
5167,440.31,453.2,17.83,False,96.8,101.7
5168,160.48,149.1,13.05,True,117.2,117.3
5169,344.93,361.4,16.39,False,118.3,124.9
5170,174.26,201.7,2.31,True,111.0,112.5
5171,158.23,252.1,6.51,False,111.4,114.5
5172,177.11,153.6,16.07,False,113.0,114.8
5173,204.74,222.7,10.13,False,118.8,122.9
5174,382.99,364.2,4.3,True,111.5,114.4
5175,486.31,516.2,4.3,True,108.9,116.3
5176,232.92,210.6,14.02,False,112.3,113.1
5177,151.27,129.6,4.11,False,109.9,112.1
5178,337.03,558.3,9.71,False,110.0,112.8
5179,157.73,145.7,4.49,True,99.4,100.0
5180,90.64,78.2,4.94,False,113.1,113.1
5181,182.1,160.8,8.06,False,117.0,119.2
5182,76.0,52.9,3.45,False,116.1,115.4
5183,394.18,397.7,12.38,False,115.7,118.0
5184,93.41,69.2,4.24,False,109.7,109.5
5185,127.06,140.1,13.91,True,110.9,111.4
5186,112.4,110.4,10.1,False,117.1,116.9
5187,173.36,239.1,7.22,False,115.2,115.9
5188,422.19,516.4,11.63,False,118.9,127.4
5189,218.26,290.0,8.23,False,106.0,109.7
5190,95.87,99.7,2.86,False,105.9,107.2
5191,603.75,665.6,6.6,False,108.0,119.8
5192,274.38,271.2,10.16,False,104.3,107.7
5193,341.6,375.9,3.22,False,102.1,105.5
5194,91.35,87.1,13.58,False,112.8,112.8
5195,465.22,604.1,7.38,True,112.4,121.2
5196,168.04,179.6,4.88,False,111.5,113.3
5197,80.73,82.8,1.63,False,112.1,111.7
5198,246.79,255.2,2.9,True,101.2,105.1
5199,285.0,375.8,5.42,False,107.1,109.8
5200,309.11,314.5,7.55,True,108.2,111.4
5201,270.03,311.5,4.03,False,110.3,113.5
5202,294.19,299.2,10.49,False,101.2,106.3
5203,257.89,242.4,4.71,True,104.4,105.9
5204,99.32,86.9,17.25,True,107.4,107.8
5205,219.29,200.0,10.82,False,116.3,117.6
5206,138.12,184.5,14.64,False,111.6,115.1
5207,389.38,454.2,8.46,False,116.1,121.0
5208,412.39,398.1,4.88,False,109.3,112.9
5209,173.61,170.7,8.92,False,110.0,112.6
5210,395.34,343.5,8.3,True,113.0,116.9
5211,248.49,216.5,11.79,False,108.9,109.3
5212,99.73,78.4,16.53,False,106.3,105.9
5213,55.76,50.5,5.41,True,101.1,101.4
5214,258.74,321.2,3.09,False,106.4,110.2
5215,116.04,118.7,13.3,False,115.0,115.1
5216,118.18,118.4,1.51,True,117.6,118.1
5217,141.65,148.1,14.61,False,105.4,108.1
5218,267.49,325.1,13.51,False,99.6,103.6
5219,388.37,401.0,15.13,True,115.6,119.5
5220,446.42,396.4,3.0,True,110.4,112.4
5221,94.27,72.9,4.86,True,101.9,102.0
5222,152.7,144.4,10.6,False,91.3,93.0
5223,159.13,130.9,6.9,False,104.2,105.7
5224,313.21,325.0,15.46,False,107.2,108.7
5225,147.45,145.7,9.06,False,103.1,104.9
5226,197.31,207.7,8.59,False,114.2,114.5
5227,308.73,341.3,4.55,True,105.1,108.7
5228,234.45,230.9,10.77,False,110.1,111.1
5229,255.6,270.6,7.21,False,124.2,128.7
5230,169.27,203.4,8.93,False,110.7,113.8
5231,309.37,378.4,5.98,False,109.3,113.4
5232,384.39,399.3,11.55,False,109.4,113.7
5233,293.86,299.1,15.33,False,114.0,119.1
5234,349.57,400.1,1.84,False,113.3,115.1
5235,587.86,786.2,5.31,False,104.0,108.7
5236,358.13,338.1,12.68,False,107.5,112.6
5237,240.13,220.6,13.16,False,106.0,109.8
5238,197.07,274.1,6.36,True,108.3,109.6
5239,453.57,422.5,6.22,False,121.0,122.9
5240,177.06,178.4,13.82,False,113.7,115.9
5241,179.87,170.2,10.71,False,109.5,109.3
5242,296.17,271.5,7.92,False,117.5,120.4
5243,250.38,218.4,2.41,True,111.1,113.6
5244,149.62,130.2,12.27,False,100.2,101.8
5245,253.16,248.6,6.33,False,120.0,121.4
5246,348.62,470.2,11.02,False,109.1,115.9
5247,204.08,293.6,13.42,False,96.5,101.9
5248,130.66,115.1,9.14,True,100.4,102.2
5249,347.77,319.7,5.68,False,116.8,119.9
5250,174.22,193.6,5.03,False,100.5,104.1
5251,552.61,645.2,13.13,False,118.1,125.2
5252,261.88,305.8,16.21,False,110.5,111.1
5253,148.43,160.1,17.67,True,114.3,114.2
5254,356.87,332.9,14.75,False,108.5,111.2
5255,254.93,258.6,11.44,False,113.1,114.6
5256,394.26,445.7,15.76,False,111.9,118.5
5257,225.45,169.6,7.93,True,109.8,109.3
5258,226.11,305.4,16.06,False,103.6,105.8
5259,106.03,87.0,8.6,False,112.2,112.5
5260,206.01,242.6,11.32,False,99.1,99.6
5261,117.78,113.2,4.3,False,115.6,116.4
5262,250.14,253.8,9.7,False,111.2,115.8
5263,299.34,285.5,7.13,True,112.8,113.3
5264,273.92,299.0,7.55,True,94.3,96.4
5265,161.87,169.5,11.37,True,103.2,103.0
5266,230.87,246.7,16.05,False,107.0,109.7
5267,317.22,415.8,15.13,False,114.0,118.3
5268,531.9,547.3,7.26,False,104.3,114.4
5269,250.74,251.4,13.61,True,125.3,127.9
5270,407.22,422.0,10.54,False,108.4,113.7
5271,145.7,136.9,7.25,False,103.9,106.2
5272,177.1,184.9,16.48,True,108.9,109.2
5273,286.78,266.9,4.16,False,104.3,108.3
5274,230.0,219.2,14.78,False,102.9,105.4
5275,234.12,206.4,5.0,False,116.1,118.3
5276,383.86,398.2,16.23,False,113.1,117.9
5277,154.54,124.2,13.4,True,113.1,112.5
5278,123.29,131.6,9.17,False,117.7,119.5
5279,115.78,102.8,2.78,True,112.9,112.9
5280,289.74,271.4,4.47,False,103.6,107.0
5281,208.45,193.5,4.22,False,114.3,116.5
5282,329.71,377.3,14.07,False,103.2,107.0
5283,214.43,258.6,11.76,True,107.1,112.1
5284,163.5,167.2,5.09,False,109.7,110.1
5285,145.71,152.8,7.57,True,109.1,109.7
5286,87.81,50.7,6.6,True,99.3,98.8
5287,226.24,211.7,12.27,True,104.2,105.9
5288,108.69,114.2,6.95,False,109.9,111.4
5289,319.54,403.3,14.18,False,106.3,108.7
5290,177.12,188.2,12.97,False,116.8,118.3
5291,100.63,92.4,5.5,False,117.8,118.6
5292,400.9,447.2,6.84,True,103.3,110.0
5293,227.06,213.5,10.57,True,110.4,111.6
5294,260.79,318.6,16.48,False,119.5,124.4
5295,213.29,168.6,3.34,False,109.2,111.9
5296,357.29,455.6,7.42,True,107.6,115.3
5297,120.97,141.1,11.39,False,115.2,115.0
5298,229.12,193.4,6.86,False,108.4,111.2
5299,98.23,75.7,6.28,True,117.6,117.0
5300,398.26,449.6,8.63,False,106.4,109.4
5301,164.41,156.6,4.68,False,107.2,107.2
5302,275.68,275.0,11.46,False,114.7,118.8
5303,283.11,296.6,15.99,False,110.6,111.1
5304,311.66,410.1,16.53,True,110.7,114.6
5305,175.45,263.6,9.28,False,98.5,101.0
5306,193.0,220.7,6.34,False,107.9,109.3
5307,438.69,387.4,7.81,True,115.2,117.9
5308,329.82,293.9,5.27,False,105.3,110.3
5309,192.92,202.0,11.38,False,114.2,117.6
5310,359.0,460.6,3.72,True,111.6,118.4
5311,295.32,306.5,6.75,True,108.8,113.6
5312,124.8,108.5,4.31,False,118.1,118.7
5313,498.24,506.0,4.89,False,108.0,110.9
5314,125.03,166.1,12.58,False,108.4,109.4
5315,523.03,409.0,17.88,False,108.7,115.2
5316,110.5,93.4,12.64,False,110.5,109.9
5317,345.65,386.1,5.53,False,114.6,117.5
5318,112.06,112.4,8.23,True,101.2,102.6
5319,270.5,259.7,11.86,False,115.2,118.3
5320,299.39,301.8,15.81,False,110.4,112.3
5321,203.99,204.4,13.29,False,113.3,116.1
5322,231.98,235.5,3.9,True,124.4,127.1
5323,126.09,126.8,11.46,False,106.9,108.8
5324,349.09,364.4,4.75,True,102.7,106.1
5325,274.54,267.4,7.68,False,111.2,113.2
5326,153.77,140.6,17.42,True,112.1,112.1
5327,265.04,273.1,16.22,False,115.2,117.1
5328,307.84,277.8,5.74,False,106.8,108.2
5329,195.42,241.8,13.52,False,105.0,106.3
5330,58.76,51.1,6.94,False,100.8,100.2
5331,182.13,188.0,1.63,True,101.8,103.0
5332,303.85,361.3,15.53,False,107.5,110.4
5333,279.59,311.1,15.07,False,109.3,110.4
5334,334.46,306.0,6.35,False,122.4,124.7
5335,255.64,266.3,14.24,False,99.8,100.8
5336,268.82,384.2,2.02,True,112.0,113.4
5337,147.39,165.5,10.41,False,105.6,107.8
5338,150.52,145.9,17.7,False,111.3,112.6
5339,513.72,575.1,14.51,False,106.7,116.3
5340,174.65,155.7,11.0,False,116.2,116.7
5341,126.14,106.2,7.54,True,116.2,117.1
5342,185.64,202.3,13.63,True,109.3,109.6
5343,206.2,246.8,17.59,False,118.6,120.3
5344,336.96,385.5,4.67,False,114.6,121.3
5345,169.36,188.3,2.32,True,118.4,120.4
5346,177.49,187.4,7.72,False,109.7,110.7
5347,250.46,234.2,10.03,False,115.7,117.7
5348,168.16,170.3,5.55,True,105.4,107.4
5349,116.52,94.1,11.67,True,104.8,105.9
5350,119.86,111.2,6.55,False,123.1,123.0
5351,480.16,441.9,17.7,False,103.5,108.0
5352,346.18,341.6,5.88,False,107.4,110.6
5353,223.94,229.8,14.75,False,98.6,99.5
5354,307.49,310.5,17.42,False,104.9,107.9
5355,287.84,347.1,9.74,False,104.0,104.7
5356,124.31,160.4,4.79,False,106.0,107.8
5357,119.83,126.1,16.19,False,111.8,113.0
5358,409.7,417.5,8.14,False,113.2,117.3
5359,75.73,58.3,10.48,False,104.0,103.3
5360,283.51,313.2,2.31,False,105.3,109.7
5361,211.91,257.8,7.24,True,116.5,119.0
5362,268.46,395.1,10.67,False,120.2,121.5
5363,355.04,319.5,12.93,False,117.5,120.6
5364,280.37,309.4,17.19,False,100.1,101.1
5365,126.34,133.6,11.13,False,117.1,118.4
5366,300.01,354.3,5.98,True,121.1,125.7
5367,322.73,292.4,10.69,False,99.8,102.5
5368,173.6,143.9,2.67,True,116.5,116.7
5369,222.37,259.1,3.94,False,111.4,113.7
5370,136.37,117.6,7.31,False,108.0,108.7
5371,205.88,212.1,1.87,True,110.6,110.8
5372,572.09,702.7,2.74,True,112.7,126.1
5373,124.67,129.4,1.62,False,116.9,117.9
5374,97.11,93.5,4.5,True,116.6,117.2
5375,112.04,112.0,15.12,False,101.0,100.5
5376,229.42,210.4,7.3,True,106.1,108.8
5377,293.5,332.2,16.39,False,110.6,115.0
5378,245.09,238.1,16.1,False,119.4,121.0
5379,117.23,101.5,15.75,False,93.6,94.4
5380,318.48,329.9,5.0,False,106.3,108.9
5381,59.08,70.4,7.15,True,100.8,101.4
5382,106.49,108.2,9.23,False,101.8,101.3
5383,178.56,166.3,8.62,False,115.9,117.7
5384,301.31,409.6,2.82,True,106.8,113.9
5385,244.73,243.4,5.44,False,96.0,98.7
5386,200.39,248.8,11.73,False,109.0,112.6
5387,111.24,102.5,12.66,True,122.2,122.1
5388,208.8,175.9,7.52,False,99.2,101.0
5389,383.82,377.5,6.4,False,113.2,115.7
5390,204.39,282.2,11.17,False,119.4,120.9
5391,336.94,336.5,12.45,False,109.7,112.2
5392,265.09,228.9,13.23,False,121.6,123.7
5393,473.21,379.7,14.88,False,106.0,110.5
5394,113.3,102.1,11.13,False,118.7,119.2
5395,174.74,207.5,7.75,False,117.3,118.1
5396,303.87,305.6,7.24,False,109.8,111.8
5397,106.31,83.4,2.07,True,101.1,102.0
5398,60.26,43.9,8.37,True,104.0,104.1
5399,591.77,575.4,15.83,False,95.9,101.2
5400,205.56,245.3,11.86,True,113.6,117.9
5401,99.49,78.5,11.29,False,112.8,113.2
5402,165.21,241.8,5.19,True,110.5,112.6
5403,111.45,109.2,11.34,False,109.3,109.8
5404,139.36,133.6,4.48,True,118.1,118.7
5405,367.6,417.1,7.13,False,111.8,115.7
5406,139.45,168.7,11.14,True,106.7,107.4
5407,170.08,167.9,2.25,True,110.9,114.0
5408,121.48,107.1,6.64,False,122.3,122.5
5409,190.1,189.8,2.96,True,113.7,115.4
5410,241.12,254.2,4.21,True,107.7,110.4
5411,185.62,168.6,7.31,True,109.7,111.4
5412,559.76,657.8,12.93,True,112.8,123.7
5413,145.07,123.1,5.91,False,107.5,107.8
5414,109.94,122.7,1.83,False,106.9,108.4
5415,224.46,185.4,8.08,False,109.9,112.7
5416,635.42,615.0,5.15,True,119.1,128.2
5417,289.91,339.5,14.34,True,114.7,116.7
5418,157.95,165.3,15.06,False,107.5,108.5
5419,176.24,165.4,12.57,True,115.2,116.9
5420,129.83,120.4,11.61,False,110.1,110.2
5421,210.17,182.3,13.56,False,112.1,113.1
5422,160.15,204.3,7.7,False,111.5,114.4
5423,319.14,331.0,12.24,False,97.3,101.3
5424,199.2,293.5,8.43,True,91.7,92.4
5425,182.63,178.9,8.59,True,111.4,112.1
5426,526.15,492.3,14.51,False,104.9,110.0
5427,119.95,152.4,14.55,False,100.2,100.5
5428,78.8,92.4,8.11,False,105.1,104.6
5429,258.43,261.0,16.96,False,115.5,118.3
5430,425.23,400.4,10.44,False,112.1,114.1
5431,229.91,223.8,9.54,True,114.6,116.9
5432,90.35,104.6,9.78,False,112.7,113.5
5433,186.33,249.2,14.36,False,104.5,107.2
5434,256.48,266.9,17.46,False,114.7,116.8
5435,221.21,282.6,12.89,False,113.5,114.5
5436,244.02,252.0,7.13,False,109.3,111.5
5437,394.21,429.5,10.03,False,110.4,114.9
5438,125.66,118.7,6.57,True,114.8,116.8
5439,57.24,35.0,12.29,False,105.5,104.9
5440,92.02,70.4,17.99,False,116.5,115.9
5441,123.05,103.7,15.77,False,113.4,113.4
5442,370.7,362.7,9.3,False,110.0,114.6
5443,180.96,189.7,7.15,True,119.2,120.1
5444,464.57,513.7,8.97,False,102.2,107.4
5445,117.35,113.5,6.72,False,107.2,106.9
5446,494.21,508.0,17.86,False,105.9,111.2
5447,126.61,134.5,4.83,False,112.1,112.7
5448,233.21,204.1,14.86,False,117.1,120.1
5449,84.11,78.8,8.34,True,104.1,104.8
5450,446.82,471.1,12.25,False,129.8,137.4
5451,207.71,220.1,16.73,False,106.0,107.9
5452,566.04,674.1,11.27,False,112.2,122.7
5453,476.39,410.5,11.68,False,110.0,114.7
5454,184.4,201.2,2.09,True,110.3,113.6
5455,145.84,147.3,3.63,False,105.2,106.3
5456,307.62,371.6,10.42,True,116.4,117.2
5457,226.45,233.3,7.62,False,104.9,107.4
5458,147.64,142.7,11.55,False,99.4,101.0
5459,201.63,243.0,7.84,False,103.3,105.5
5460,75.23,63.8,4.39,False,118.7,119.1
5461,294.2,285.7,14.65,True,117.5,121.2
5462,331.74,316.5,15.44,False,98.0,99.8
5463,118.1,111.2,17.47,False,114.9,116.3
5464,405.81,435.9,4.81,False,98.1,101.7
5465,330.76,385.9,6.64,False,109.8,111.1
5466,230.73,271.3,6.13,True,102.8,105.7
5467,115.85,128.7,16.85,False,115.3,117.0
5468,243.8,327.0,11.36,True,113.3,116.4
5469,172.15,183.8,16.72,False,115.9,117.1
5470,266.69,255.6,16.19,False,108.2,110.4
5471,309.27,344.4,5.55,True,108.9,113.1
5472,100.65,93.4,8.56,False,101.0,102.0
5473,86.33,76.8,8.32,False,103.8,103.7
5474,194.14,173.5,9.53,False,115.7,117.0
5475,486.26,611.3,17.96,False,112.2,120.1
5476,633.42,689.7,4.37,True,110.6,116.0
5477,255.81,282.1,14.25,False,117.6,121.4
5478,373.6,391.9,5.26,True,102.2,104.3
5479,225.17,225.4,13.7,False,114.3,116.3
5480,237.3,243.1,4.84,False,102.9,105.9
5481,226.13,203.9,10.2,True,118.9,121.5
5482,382.07,418.2,12.52,True,113.3,119.3
5483,577.44,516.9,8.63,True,115.8,118.8
5484,230.47,239.9,17.44,False,105.8,107.4
5485,185.22,242.5,13.14,True,123.1,126.6
5486,219.41,210.0,4.1,False,122.0,125.5
5487,495.04,524.1,7.64,True,112.6,119.1
5488,337.36,365.1,6.68,False,117.1,120.1
5489,126.93,126.9,6.38,True,108.2,108.2
5490,385.93,601.1,4.99,True,102.4,112.6
5491,58.27,49.9,4.56,False,114.8,114.2
5492,548.23,495.5,15.86,False,104.5,107.8
5493,339.94,399.8,17.82,False,117.9,122.2
5494,267.1,240.3,4.14,True,116.3,116.8
5495,186.12,237.0,14.56,False,111.4,112.8
5496,180.5,216.1,5.25,False,111.1,114.3
5497,148.82,130.5,10.11,True,115.9,116.2
5498,513.57,574.8,4.75,True,111.6,115.6
5499,233.33,233.0,5.97,True,107.6,111.7
5500,144.6,129.1,8.28,True,100.9,102.1
5501,479.62,555.7,13.13,False,115.8,125.8
5502,259.94,299.9,9.32,False,112.2,116.5
5503,244.05,309.9,14.87,True,126.5,132.2
5504,661.4,625.2,3.09,False,109.4,113.3
5505,365.1,333.9,10.94,False,111.8,117.5
5506,146.32,161.0,3.26,False,112.0,113.3
5507,257.92,333.6,3.44,False,113.9,115.1
5508,129.08,137.7,6.6,False,104.2,104.5
5509,190.35,179.1,3.23,True,109.5,109.7
5510,263.35,277.0,14.3,False,115.0,118.8
5511,375.27,388.6,9.87,False,108.0,114.3
5512,170.47,166.4,12.14,True,114.7,115.6
5513,206.77,212.6,2.43,True,110.6,113.0
5514,265.33,211.3,5.21,False,112.4,115.3
5515,366.93,426.0,10.13,False,116.9,118.8
5516,272.06,236.8,2.85,True,108.6,112.0
5517,638.28,596.6,4.15,False,101.3,103.2
5518,181.8,179.1,1.86,True,108.4,109.1
5519,124.58,170.7,16.54,True,105.0,107.1
5520,449.68,490.6,8.62,False,97.2,106.1
5521,278.97,318.7,2.24,True,109.4,110.8
5522,697.44,789.7,9.1,False,111.2,119.0
5523,381.67,480.5,16.14,True,116.1,121.8
5524,136.84,108.8,4.63,True,103.2,104.5
5525,253.46,233.7,5.42,True,110.5,114.4
5526,291.87,276.8,17.71,True,116.8,119.0
5527,238.34,266.0,15.59,False,106.6,110.5
5528,175.89,214.5,10.55,True,113.2,116.1
5529,260.1,263.0,4.57,False,119.6,121.2
5530,307.67,270.9,5.12,False,98.8,101.2
5531,163.22,168.0,15.71,False,111.6,112.0
5532,390.32,416.5,12.65,True,117.0,122.3
5533,485.47,559.3,7.29,True,107.9,111.8
5534,289.39,349.4,1.93,True,118.3,121.3
5535,297.08,294.6,3.74,True,113.8,119.3
5536,217.11,225.3,13.53,False,120.6,124.8
5537,268.9,275.5,12.2,False,113.5,116.6
5538,284.83,291.2,7.42,True,121.1,124.7
5539,141.3,130.8,11.27,True,111.8,114.3
5540,392.49,405.3,13.96,False,101.8,103.7
5541,165.06,186.1,12.12,True,106.2,108.5
5542,393.62,504.9,5.45,False,116.1,119.3
5543,50.58,30.9,17.2,False,116.0,115.3
5544,242.16,258.2,1.89,False,108.1,108.6
5545,347.04,409.1,10.68,False,120.8,127.1
5546,337.72,346.5,5.18,False,107.9,109.3
5547,131.1,109.6,13.17,False,112.8,112.8
5548,504.22,480.3,10.77,False,112.6,119.9
5549,176.53,151.7,4.73,False,102.0,102.0
5550,150.02,179.0,9.85,False,109.3,112.2
5551,157.33,188.2,10.08,False,124.3,124.8
5552,95.83,86.7,8.43,True,104.5,104.2
5553,255.96,264.9,2.2,False,113.8,117.6
5554,370.11,423.2,4.91,True,103.1,105.6
5555,413.44,498.2,17.49,False,104.4,111.0
5556,197.06,214.5,4.61,True,101.5,102.8
5557,236.49,235.7,9.07,False,115.6,118.0
5558,274.22,359.7,6.35,True,104.8,108.7
5559,269.67,217.9,13.99,False,117.6,119.1
5560,411.09,444.1,11.04,False,106.8,110.6
5561,262.12,229.2,13.3,False,110.8,111.7
5562,131.26,139.8,12.01,False,112.5,114.9
5563,273.38,268.7,9.81,False,100.3,102.6
5564,113.63,96.8,17.35,False,111.2,111.4
5565,277.79,266.7,13.1,False,112.1,112.8
5566,263.91,295.2,12.87,False,116.8,121.0
5567,191.3,152.1,12.89,False,104.2,105.5
5568,222.2,288.8,9.2,True,105.1,106.1
5569,222.46,203.2,12.1,False,114.0,117.5
5570,160.59,148.5,11.47,False,118.5,119.9
5571,93.63,89.0,16.16,False,106.4,107.2
5572,136.76,103.3,17.65,False,102.6,103.0
5573,591.52,533.1,9.47,False,108.1,113.6
5574,141.86,198.5,11.41,True,103.9,105.2
5575,284.72,291.2,6.29,True,112.4,114.4
5576,227.96,213.5,15.45,False,103.5,105.2
5577,512.05,540.4,13.23,False,115.8,119.6
5578,187.48,148.9,16.75,True,111.3,112.8
5579,273.02,247.1,11.48,True,116.0,118.2
5580,187.17,178.3,13.19,False,95.5,97.0
5581,482.93,406.7,3.07,True,99.5,101.1
5582,313.29,289.5,11.51,False,117.8,122.7
5583,224.26,242.0,7.72,False,105.7,107.9
5584,112.69,111.6,9.88,False,101.2,101.3
5585,695.77,672.2,6.89,True,108.8,121.4
5586,188.72,217.0,6.24,True,111.5,112.9
5587,129.25,134.7,15.04,False,109.1,110.5
5588,91.42,89.2,10.7,False,112.8,113.5
5589,116.97,101.3,5.68,True,112.0,113.7
5590,221.34,240.7,14.15,False,111.7,113.4
5591,306.16,410.2,2.73,True,118.1,119.5
5592,300.51,278.9,6.34,True,109.9,110.1
5593,99.24,92.3,7.05,False,109.7,111.2
5594,287.65,240.4,4.43,False,114.8,115.2
5595,457.52,478.1,15.4,False,113.3,116.9
5596,223.31,194.6,12.62,False,104.6,108.1
5597,294.18,279.4,12.56,False,109.4,112.5
5598,223.86,199.5,11.28,True,112.6,112.8
5599,317.13,313.8,7.74,True,106.5,111.6
5600,152.62,147.5,12.37,False,106.8,107.9
5601,53.49,31.9,13.65,False,101.7,101.1
5602,168.36,115.5,10.38,False,92.7,92.4
5603,168.99,180.8,9.27,False,107.8,109.6
5604,228.45,227.0,5.19,False,110.8,111.2
5605,178.51,184.9,2.89,False,103.4,105.3
5606,181.44,182.8,2.18,True,118.3,119.0
5607,372.61,412.1,13.29,False,103.7,106.6
5608,95.6,126.7,7.25,True,115.5,118.0
5609,224.57,241.4,13.19,False,112.5,115.4
5610,107.77,95.9,9.88,True,123.1,123.5
5611,295.96,349.5,8.87,False,113.2,119.3
5612,279.76,275.0,11.88,False,101.3,103.5
5613,604.26,665.0,4.52,True,116.3,124.5
5614,125.76,123.8,17.66,False,120.2,122.3
5615,560.92,554.7,6.95,False,99.4,106.1
5616,151.52,133.9,14.19,False,113.8,114.8
5617,205.35,193.7,5.59,True,115.2,117.5
5618,125.73,105.5,9.22,False,108.7,109.3
5619,600.02,660.3,9.74,False,95.5,99.4
5620,221.81,298.4,6.56,True,108.2,112.0
5621,271.69,300.2,7.25,True,106.5,107.7
5622,118.63,141.3,8.68,False,119.2,118.6
5623,75.75,52.9,15.3,False,109.5,109.3
5624,207.33,189.2,9.75,False,107.5,108.4
5625,187.66,169.1,2.96,True,106.5,107.9
5626,93.29,72.9,5.08,False,112.0,112.0
5627,225.02,196.5,17.77,False,110.3,111.6
5628,183.44,241.6,2.98,False,105.3,108.5
5629,282.42,309.7,12.19,True,111.6,111.9
5630,61.84,57.4,4.98,False,106.7,107.0
5631,115.23,109.4,8.63,False,94.4,95.3
5632,164.93,144.2,7.39,True,114.0,114.9
5633,438.48,422.1,17.62,False,113.4,116.7
5634,417.55,417.6,10.6,False,111.2,118.6
5635,262.05,289.4,5.62,False,107.3,110.3
5636,168.07,194.5,11.46,False,109.6,110.6
5637,416.28,436.4,2.68,True,114.9,117.3
5638,291.95,269.8,16.79,True,106.2,109.2
5639,394.25,423.1,7.18,False,115.2,118.3
5640,213.75,296.8,16.08,False,101.2,104.0
5641,91.97,79.1,14.85,False,111.0,111.0
5642,53.55,52.5,4.58,False,110.2,109.9
5643,199.01,183.3,17.38,False,116.0,116.6
5644,309.79,373.3,17.86,True,104.5,106.1
5645,148.9,167.9,14.79,False,105.1,107.6
5646,477.5,483.0,8.95,False,101.6,109.3
5647,349.27,354.7,12.6,False,106.6,108.6
5648,429.65,459.7,2.83,True,111.5,116.0
5649,233.95,186.2,16.7,False,99.2,101.6
5650,145.49,129.3,5.16,True,107.3,109.0
5651,104.19,118.1,13.33,False,113.7,115.0
5652,310.51,312.5,14.73,False,109.4,113.0
5653,92.27,83.4,17.5,True,110.5,109.7
5654,116.3,86.8,15.09,True,101.0,102.3
5655,171.87,162.1,15.0,False,109.4,112.2
5656,262.82,264.2,13.14,True,110.2,112.4
5657,125.12,145.6,11.01,False,109.0,109.6
5658,390.23,418.1,2.19,False,110.9,112.7
5659,421.43,463.3,17.55,False,108.1,112.3
5660,56.11,40.9,8.91,False,107.3,107.6
5661,282.75,300.0,14.65,False,103.8,104.3
5662,173.71,168.3,7.73,False,115.8,117.7
5663,344.08,382.6,9.02,False,102.6,104.5
5664,232.99,305.7,9.13,True,110.9,113.4
5665,233.32,257.2,17.84,False,120.9,124.3
5666,184.78,216.8,4.99,False,116.6,117.5
5667,97.8,87.1,9.78,False,113.1,113.4
5668,644.73,718.4,4.05,False,111.5,117.4
5669,111.66,108.6,9.65,False,109.2,110.4
5670,465.24,558.0,10.51,False,104.6,114.6
5671,315.92,338.8,3.75,False,108.5,112.1
5672,192.95,173.3,13.02,False,113.4,114.3
5673,168.51,158.4,15.16,False,112.3,115.0
5674,108.35,84.8,14.96,False,114.7,115.3
5675,264.53,238.5,13.53,False,117.3,117.5
5676,104.59,82.6,3.82,True,109.0,110.1
5677,460.02,431.4,11.75,False,111.2,114.7
5678,315.5,271.8,13.02,False,98.6,101.2
5679,183.27,229.6,14.03,False,123.5,125.0
5680,250.47,246.6,13.21,False,107.5,111.1
5681,295.68,278.0,11.88,False,113.9,117.7
5682,215.99,191.7,13.51,False,107.5,109.7
5683,182.42,206.9,15.56,False,107.4,110.0
5684,577.6,591.1,10.89,False,108.6,112.6
5685,375.3,407.9,3.9,False,102.5,104.0
5686,377.88,330.8,14.96,False,95.1,100.5
5687,137.31,173.4,12.41,True,117.0,119.0
5688,71.07,65.6,12.83,False,113.3,114.4
5689,213.22,309.7,6.35,False,104.5,108.7
5690,242.31,246.3,3.97,True,112.7,115.5
5691,258.07,204.2,14.38,False,114.9,117.7
5692,213.41,223.3,2.32,True,105.8,108.4
5693,124.28,112.6,8.14,False,112.5,112.9
5694,151.3,133.1,9.9,False,116.0,117.4
5695,366.86,408.3,1.79,True,101.4,104.1
5696,81.67,55.6,11.35,True,113.2,112.5
5697,357.63,376.5,3.47,True,112.2,117.6
5698,393.71,494.9,5.48,True,121.3,126.4
5699,279.39,306.1,17.89,False,113.3,117.8
5700,307.79,297.7,10.74,True,107.5,112.7
5701,145.12,132.4,17.48,False,108.2,110.3
5702,177.58,144.5,9.63,False,122.1,124.1
5703,189.75,181.9,14.76,False,107.9,110.4
5704,121.86,98.7,2.13,False,113.5,113.2
5705,154.71,138.2,6.31,False,108.6,109.6
5706,213.56,245.7,6.17,False,116.5,119.9
5707,164.07,175.5,2.65,True,116.8,119.1
5708,245.67,258.1,17.21,False,109.9,112.8
5709,305.45,407.5,9.83,False,107.6,111.0
5710,246.01,257.0,11.28,False,107.4,111.0
5711,308.25,299.6,10.09,True,99.6,103.4
5712,88.87,81.8,5.6,False,110.6,110.6
5713,396.75,403.5,16.75,False,110.5,115.1
5714,80.77,80.4,12.54,True,105.1,105.4
5715,146.16,168.3,3.54,True,99.0,100.5
5716,150.47,116.0,9.12,True,111.2,112.6
5717,82.62,65.8,1.52,True,112.0,112.8
5718,210.0,249.4,12.63,False,112.4,116.2
5719,302.29,314.2,10.14,False,104.1,107.3
5720,472.37,502.0,16.42,False,112.4,115.1
5721,280.38,269.9,17.13,False,108.9,111.1
5722,168.71,137.7,3.12,True,115.2,116.4
5723,159.41,173.0,2.98,True,104.2,107.2
5724,76.1,72.0,16.33,False,116.9,117.7
5725,215.96,183.9,9.95,False,119.1,120.5
5726,249.81,227.6,9.25,True,110.7,112.0
5727,315.64,306.8,10.92,False,112.4,117.8
5728,306.12,353.7,9.2,False,114.7,116.1
5729,328.11,301.1,11.64,False,103.8,105.6
5730,138.3,129.0,17.16,False,107.1,108.7
5731,108.11,107.7,11.5,True,111.1,112.7
5732,295.63,339.6,6.79,True,122.2,125.3
5733,86.58,64.4,5.02,True,102.8,101.8
5734,692.91,636.2,17.44,False,119.8,127.5
5735,131.54,145.5,11.06,False,108.8,109.3
5736,357.16,434.6,10.85,False,109.8,111.3
5737,154.56,161.6,2.05,False,117.3,117.8
5738,278.34,318.3,16.65,False,122.1,123.4
5739,123.16,110.1,9.25,False,112.5,113.3
5740,250.53,235.5,18.0,False,117.0,119.5
5741,94.03,74.9,4.27,False,104.5,104.4
5742,264.42,278.1,6.88,False,106.8,109.8
5743,116.89,108.9,4.97,True,101.9,102.0
5744,131.81,119.5,7.75,False,106.9,106.1
5745,151.81,178.4,17.61,False,113.4,114.8
5746,216.55,200.3,8.34,False,111.3,111.8
5747,257.35,307.0,15.15,False,120.4,124.9
5748,258.96,290.0,13.96,False,122.3,126.3
5749,247.26,249.8,6.42,False,109.2,110.2
5750,344.47,375.9,11.07,True,105.9,111.9
5751,285.91,285.4,15.55,False,117.0,119.5
5752,278.24,297.1,11.59,True,117.6,119.9
5753,124.62,118.9,5.87,True,112.6,112.7
5754,427.39,392.0,15.74,False,114.2,119.1
5755,375.43,365.5,10.68,False,113.3,117.6
5756,254.65,256.7,17.67,False,104.1,106.6
5757,355.64,358.1,12.32,False,102.7,108.3
5758,199.07,225.2,8.91,False,109.7,113.6
5759,593.75,516.1,8.69,True,108.8,111.8
5760,201.41,243.4,16.02,False,111.7,115.1
5761,214.55,220.8,17.68,False,109.2,110.0
5762,254.62,286.6,8.27,False,99.8,105.2
5763,487.9,575.9,4.19,False,97.3,101.3
5764,168.11,164.6,2.16,True,114.4,115.4
5765,234.57,276.1,6.82,False,106.0,108.9
5766,193.47,171.9,7.14,False,108.6,109.9
5767,177.59,220.6,8.53,False,106.7,110.1
5768,160.27,137.3,3.89,True,104.5,104.7
5769,293.38,292.7,9.63,True,104.4,107.7
5770,206.12,232.0,17.07,False,116.1,119.6
5771,348.36,354.0,5.34,True,108.6,112.4
5772,364.53,408.8,12.8,False,113.8,118.7
5773,341.15,443.3,2.13,True,114.6,122.6
5774,147.04,175.9,12.12,False,111.9,112.5
5775,289.48,286.9,16.97,False,114.8,117.0
5776,446.23,459.2,6.16,True,110.1,112.4
5777,142.12,136.7,14.97,False,118.2,118.0
5778,224.17,246.3,2.86,False,114.9,115.6
5779,153.75,142.2,7.41,True,115.7,117.1
5780,495.19,571.6,1.61,True,104.4,109.3
5781,326.91,456.3,7.36,True,111.6,117.4
5782,291.97,314.7,6.61,True,99.0,102.6
5783,318.04,311.9,12.93,True,118.4,120.4
5784,155.2,150.4,6.36,True,106.3,106.8
5785,546.53,486.3,15.08,False,107.1,110.1
5786,169.53,195.0,6.31,False,101.8,103.7
5787,145.97,159.2,5.18,True,109.8,111.5
5788,393.25,421.1,9.66,True,108.4,115.8
5789,189.56,184.4,12.33,False,120.9,122.3
5790,117.58,163.1,16.16,False,115.2,117.5
5791,361.3,365.3,14.92,False,106.9,110.1
5792,129.04,113.3,10.15,False,100.0,101.2
5793,215.1,316.8,17.64,False,96.3,99.8
5794,234.59,247.9,6.39,False,103.8,107.1
5795,283.73,348.6,17.99,False,102.0,105.6
5796,263.13,297.7,7.86,True,112.1,116.7
5797,556.14,771.1,5.83,False,109.1,112.7
5798,258.96,261.1,7.82,False,110.1,114.0
5799,216.9,184.0,11.17,False,104.3,107.8
5800,234.86,232.8,9.32,True,110.9,111.6
5801,201.57,295.9,2.33,False,101.5,103.3
5802,516.11,554.0,7.37,False,109.5,115.7
5803,306.56,328.2,9.62,False,115.0,115.5
5804,131.89,145.6,12.44,False,107.8,107.7
5805,1249.18,1365.0,17.23,False,112.7,129.1
5806,408.12,399.5,17.27,False,98.1,102.6
5807,131.54,140.7,9.98,False,97.7,98.6
5808,97.64,119.4,10.89,False,112.0,112.9
5809,91.02,106.5,13.02,False,116.3,117.1
5810,185.65,225.9,15.28,False,108.6,109.4
5811,218.65,231.3,13.8,True,122.9,123.9
5812,150.46,157.2,13.39,False,101.3,103.1
5813,98.72,97.4,8.88,True,105.9,106.6
5814,135.63,121.0,15.84,True,110.8,111.0
5815,319.29,331.9,12.43,False,112.8,117.8
5816,204.01,196.9,4.13,False,106.5,106.5
5817,145.7,129.1,11.37,True,103.6,102.9
5818,210.95,247.4,6.62,False,113.7,115.1
5819,224.85,274.3,4.85,True,110.8,114.5
5820,254.82,291.2,12.21,False,107.9,110.4
5821,211.89,242.2,12.1,False,113.0,115.8
5822,156.49,221.6,17.25,True,109.2,110.4
5823,370.48,440.4,17.61,False,109.2,116.3
5824,153.47,123.9,8.25,True,108.9,111.1
5825,221.58,205.3,4.45,True,105.1,105.6
5826,89.29,70.6,3.82,True,104.5,105.2
5827,193.85,190.1,17.58,False,106.8,108.8
5828,288.58,257.3,8.03,False,110.2,114.8
5829,289.59,363.3,7.16,False,98.8,102.2
5830,78.55,71.9,11.75,False,115.7,116.1
5831,277.13,253.0,2.45,True,110.1,112.2
5832,534.25,599.4,12.17,False,103.6,111.6
5833,252.68,303.3,15.95,False,119.7,122.5
5834,130.96,110.7,13.45,True,110.3,110.1
5835,184.27,190.3,8.39,False,102.0,105.1
5836,250.99,308.8,3.42,True,119.4,124.9
5837,146.33,161.4,5.48,True,118.1,119.7
5838,262.32,269.6,5.88,False,104.5,107.9
5839,257.54,260.8,7.85,False,108.1,111.0
5840,257.4,224.0,3.7,False,107.3,110.1
5841,126.25,103.8,11.0,False,98.7,98.6
5842,146.6,151.4,7.54,False,111.9,113.5
5843,679.89,632.8,9.69,False,115.1,121.9
5844,210.46,183.1,6.2,False,113.9,116.4
5845,197.76,196.1,8.99,False,110.2,110.2
5846,154.74,195.5,13.26,False,115.7,116.7
5847,295.2,358.4,2.96,False,103.2,107.6
5848,170.98,201.7,9.92,True,120.9,123.7
5849,224.52,226.9,11.7,False,105.4,107.7
5850,220.33,253.1,12.52,False,106.0,107.5
5851,420.91,380.6,16.73,False,106.5,110.1
5852,174.06,227.5,14.39,False,106.1,107.4
5853,188.06,241.6,13.69,False,108.8,110.6
5854,175.27,166.0,15.82,False,108.6,110.8
5855,279.54,273.1,16.59,False,110.8,113.9
5856,192.92,317.1,15.35,True,105.1,109.4
5857,241.42,329.2,11.63,False,111.0,112.7
5858,491.33,579.5,15.41,False,103.5,112.1
5859,172.17,145.2,6.89,False,114.4,115.8
5860,275.09,232.9,17.21,False,114.3,116.5
5861,187.49,202.5,4.36,True,110.0,112.0
5862,459.09,522.8,5.28,False,106.1,111.7
5863,276.62,336.2,4.12,True,111.9,116.0
5864,103.07,86.4,14.32,False,104.7,104.2
5865,187.63,157.9,8.67,False,110.2,112.9
5866,220.85,188.9,13.68,False,109.1,109.4
5867,101.59,93.9,9.92,False,125.8,125.5
5868,218.23,242.8,8.15,False,102.6,103.1
5869,166.66,170.2,16.29,False,94.0,95.3
5870,629.01,593.5,8.63,False,106.2,113.3
5871,245.82,271.8,11.7,False,99.7,102.3
5872,140.3,184.7,15.67,False,105.6,106.7
5873,135.75,128.7,5.01,False,102.2,104.0
5874,208.83,221.8,8.14,True,104.6,105.8
5875,338.69,498.4,3.89,False,103.6,110.5
5876,210.76,203.8,10.45,False,115.8,117.5
5877,222.92,222.9,14.53,False,109.7,111.2
5878,461.54,409.4,2.41,False,116.5,120.2
5879,212.42,267.5,2.5,False,110.2,111.6
5880,361.41,354.5,13.73,False,115.6,120.0
5881,299.51,282.5,13.21,False,108.2,113.1
5882,274.17,273.8,8.14,False,119.6,122.6
5883,84.78,83.7,7.45,False,112.8,112.5
5884,116.17,118.4,6.15,False,105.3,106.0
5885,243.26,251.9,2.52,True,113.7,116.5
5886,137.45,135.7,9.97,False,110.2,110.4
5887,194.07,221.9,11.67,True,108.8,111.6
5888,145.23,112.1,15.78,False,110.6,110.8
5889,351.15,411.2,10.44,False,114.5,118.4
5890,116.79,145.2,4.01,False,97.3,99.2
5891,137.52,128.5,6.58,True,107.9,107.2
5892,116.48,97.8,14.45,False,114.1,114.5
5893,312.76,327.2,11.7,True,111.5,113.8
5894,217.26,221.7,14.22,False,103.2,103.5
5895,449.15,403.0,8.32,False,95.8,98.3
5896,139.19,166.7,2.61,False,120.2,122.3
5897,115.42,116.6,16.22,False,108.9,108.6
5898,250.72,216.2,7.26,False,119.1,121.6
5899,298.27,446.9,2.88,True,114.8,117.9
5900,97.38,82.4,11.18,False,105.2,105.6
5901,281.19,264.2,13.78,False,95.0,98.0
5902,301.84,279.1,9.39,True,107.2,108.5
5903,481.01,487.1,11.63,False,109.8,111.6
5904,158.08,139.1,8.38,False,112.7,113.4
5905,79.56,79.2,14.93,False,103.3,102.8
5906,198.8,176.3,14.43,False,111.1,112.3
5907,274.37,351.7,13.38,False,111.1,115.0
5908,182.32,229.8,1.83,False,115.9,118.6
5909,296.26,295.4,10.02,False,108.2,113.2
5910,121.4,120.9,14.46,False,112.7,112.9
5911,193.76,196.9,5.54,True,111.7,113.7
5912,231.26,234.6,5.78,True,115.3,115.7
5913,117.22,89.7,16.42,False,105.1,104.9
5914,228.09,233.8,15.39,False,91.6,93.0
5915,172.23,186.6,17.8,False,108.6,110.2
5916,819.47,857.5,9.71,False,108.6,113.3
5917,195.49,224.6,3.55,True,103.1,103.9
5918,509.11,501.7,1.64,True,101.0,105.1
5919,282.1,294.1,13.15,False,106.6,109.1
5920,214.4,209.5,14.98,False,109.3,110.5
5921,324.16,461.3,8.57,False,110.6,116.0
5922,96.13,110.7,8.53,False,96.3,96.9
5923,142.84,174.0,15.36,False,99.5,101.3
5924,411.4,363.2,4.57,False,116.8,119.2
5925,61.95,55.8,2.55,False,108.9,108.8
5926,226.86,220.5,17.43,False,110.0,110.7
5927,201.0,219.4,10.45,False,102.0,104.3
5928,241.05,259.4,14.24,False,110.0,113.3
5929,195.76,198.1,17.25,False,107.7,111.0
5930,394.03,355.2,14.87,False,106.3,109.3
5931,164.88,143.2,9.22,False,101.2,102.5
5932,366.65,382.5,12.19,True,104.8,108.8
5933,140.46,118.8,11.93,True,121.8,123.0
5934,231.74,270.8,16.77,False,107.9,112.1
5935,454.95,431.5,3.83,True,114.7,117.3
5936,149.75,136.0,12.98,False,108.8,111.4
5937,170.22,155.7,15.74,False,108.1,108.4
5938,363.57,389.8,7.42,False,106.2,113.1
5939,228.69,249.5,13.19,False,118.1,119.5
5940,80.84,79.8,5.62,False,112.2,112.1
5941,211.57,254.9,2.95,False,105.3,108.3
5942,255.42,322.7,1.92,False,107.6,109.3
5943,381.84,398.6,10.24,True,116.5,121.9
5944,248.52,267.3,2.35,True,93.0,93.4
5945,302.67,299.5,11.28,True,111.9,112.8
5946,496.24,529.1,7.7,False,113.2,117.7
5947,285.17,369.1,1.61,True,105.5,112.3
5948,163.93,194.0,5.24,False,110.9,114.2
5949,210.44,208.5,13.68,False,113.0,115.2
5950,348.8,421.9,7.75,False,102.6,106.6
5951,223.6,264.3,13.47,False,115.1,117.2
5952,274.77,242.9,14.95,True,111.8,114.3
5953,141.34,190.6,14.65,False,109.1,112.8
5954,476.73,413.2,12.56,True,110.6,116.3
5955,148.89,140.6,13.82,False,114.2,115.7
5956,192.44,174.3,10.9,False,123.9,125.2
5957,416.61,412.4,9.17,True,113.7,119.9
5958,399.84,409.7,2.52,True,114.9,122.7
5959,759.32,704.4,17.59,False,111.2,125.0
5960,191.02,220.9,15.36,False,121.4,123.1
5961,180.41,192.3,12.59,False,101.2,101.6
5962,175.69,203.4,12.13,False,99.6,102.6
5963,80.14,85.6,11.02,False,110.9,111.3
5964,75.7,61.2,3.06,True,114.0,113.6
5965,307.47,266.8,6.77,True,94.6,95.1
5966,182.46,184.0,7.1,False,110.0,112.4
5967,181.39,146.4,14.6,False,108.9,110.5
5968,289.36,241.0,11.48,False,114.5,118.3
5969,360.12,270.3,8.07,True,112.6,117.3
5970,249.15,212.3,6.91,False,99.2,101.8
5971,272.76,215.5,15.59,False,103.5,106.5
5972,192.54,182.8,14.46,False,105.2,105.1
5973,321.44,336.1,14.92,False,114.4,116.4
5974,172.63,167.4,8.02,False,112.2,112.9
5975,145.11,128.8,9.41,False,106.3,107.4
5976,179.77,178.4,10.96,False,110.9,113.1
5977,270.58,260.1,4.66,False,103.7,107.5
5978,299.03,347.2,7.48,False,122.3,127.5
5979,426.91,585.9,9.6,False,113.4,119.8
5980,245.81,241.7,12.56,False,114.7,118.5
5981,411.04,505.2,8.92,True,118.3,123.2
5982,138.68,159.4,4.05,True,116.1,118.6
5983,147.08,143.5,8.51,True,110.2,111.2
5984,254.85,292.1,10.27,False,108.9,111.4
5985,339.5,316.1,12.24,False,117.7,118.1
5986,236.89,255.3,15.59,False,110.2,111.4
5987,888.68,868.3,5.34,True,105.5,120.3
5988,164.15,164.5,10.74,False,121.8,123.9
5989,402.81,453.3,8.39,False,104.4,109.3
5990,150.0,145.8,12.83,True,99.6,101.0
5991,246.94,330.0,15.93,False,116.0,118.7
5992,240.64,235.9,9.37,False,105.6,106.4
5993,269.22,265.1,15.43,False,112.6,116.5
5994,315.15,293.8,1.53,False,120.9,123.0
5995,192.73,240.8,16.55,False,101.8,103.8
5996,167.57,215.0,14.51,False,109.8,113.1
5997,85.41,74.7,3.71,False,118.9,119.0
5998,409.88,377.2,12.64,False,114.1,116.4
5999,116.87,107.1,9.98,False,108.9,108.8
6000,166.77,185.3,17.52,False,124.3,126.9
